System,Compound_ID,PROTAC,Ligase_Warhead,Target_Warhead
vhl-bclxl,624,Cc1ncsc1-c1ccc([C@H](C)NC(=O)[C@@H]2C[C@@H](O)CN2C(=O)[C@@H](NC(=O)CCCCC[NH+]2CCN(CC[C@H](CSc3ccccc3)Nc3ccc(S(=O)(=O)NC(=O)c4ccc(N5CC[NH+](CC6=C(c7ccc(Cl)cc7)CCC(C)(C)C6)CC5)cc4)cc3S(=O)(=O)C(F)(F)F)CC2)C(C)(C)C)cc1,Cc1ncsc1-c1ccc([C@H](C)NC(=O)[C@@H]2C[C@@H](O)CN2C(=O)[C@@H](NC=O)C(C)(C)C)cc1,CC1(C)CCC(c2ccc(Cl)cc2)=C(C[NH+]2CCN(c3ccc(C(=O)NS(=O)(=O)c4ccc(N[C@H](CCN5CC[NH2+]CC5)CSc5ccccc5)c(S(=O)(=O)C(F)(F)F)c4)cc3)CC2)C1
vhl-bclxl,635,Cc1ncsc1-c1ccc([C@H](C)NC(=O)[C@@H]2C[C@@H](O)CN2C(=O)[C@@H](NC(=O)CCCCCC[N@H+](C)CC[C@H](CSc2ccccc2)Nc2ccc(S(=O)(=O)NC(=O)c3ccc(N4CC[NH+](CC5=C(c6ccc(Cl)cc6)CCC(C)(C)C5)CC4)cc3)cc2S(=O)(=O)C(F)(F)F)C(C)(C)C)cc1,Cc1ncsc1-c1ccc([C@H](C)NC(=O)[C@@H]2C[C@@H](O)CN2C(=O)[C@@H](NC=O)C(C)(C)C)cc1,C[NH2+]CC[C@H](CSc1ccccc1)Nc1ccc(S(=O)(=O)NC(=O)c2ccc(N3CC[NH+](CC4=C(c5ccc(Cl)cc5)CCC(C)(C)C4)CC3)cc2)cc1S(=O)(=O)C(F)(F)F
vhl-bclxl,697,Cc1ncsc1-c1ccc([C@H](C)NC(=O)[C@@H]2C[C@@H](O)CN2C(=O)[C@@H](NC(=O)CCCCCC(=O)N2CC[NH+](CC[C@H](CSc3ccccc3)Nc3ccc(S(=O)(=O)NC(=O)c4ccc(N5CC[NH+](CC6=C(c7ccc(Cl)cc7)CCC(C)(C)C6)CC5)cc4)cc3S(=O)(=O)C(F)(F)F)CC2)C(C)(C)C)cc1,Cc1ncsc1-c1ccc([C@H](C)NC(=O)[C@@H]2C[C@@H](O)CN2C(=O)[C@@H](NC=O)C(C)(C)C)cc1,CC1(C)CCC(c2ccc(Cl)cc2)=C(C[NH+]2CCN(c3ccc(C(=O)NS(=O)(=O)c4ccc(N[C@H](CCN5CC[NH2+]CC5)CSc5ccccc5)c(S(=O)(=O)C(F)(F)F)c4)cc3)CC2)C1
vhl-bclxl,2385,Cc1ncsc1-c1ccc([C@H](C)NC(=O)[C@@H]2C[C@@H](O)CN2C(=O)[C@@H](NC(=O)CCCCCCCCC(=O)NC[C@]2(C)CCC(c3ccc(Cl)cc3)=C(C[NH+]3CCN(c4ccc(C(=O)NS(=O)(=O)c5ccc(N[C@H](CC[NH+]6CCOCC6)CSc6ccccc6)c(S(=O)(=O)C(F)(F)F)c5)cc4)CC3)C2)C(C)(C)C)cc1,Cc1ncsc1-c1ccc([C@H](C)NC(=O)[C@@H]2C[C@@H](O)CN2C(=O)[C@@H](NC=O)C(C)(C)C)cc1,C[NH2+]CC[C@H](CSc1ccccc1)Nc1ccc(S(=O)(=O)NC(=O)c2ccc(N3CC[NH+](CC4=C(c5ccc(Cl)cc5)CCC(C)(C)C4)CC3)cc2)cc1S(=O)(=O)C(F)(F)F
vhl-bclxl,2389,Cc1ncsc1-c1ccc([C@H](C)NC(=O)[C@@H]2C[C@@H](O)CN2C(=O)[C@@H](NC(=O)CCCCCCCCC(=O)NC[C@@]2(C)CCC(c3ccc(Cl)cc3)=C(C[NH+]3CCN(c4ccc(C(=O)NS(=O)(=O)c5ccc(N[C@H](CC[NH+]6CCOCC6)CSc6ccccc6)c(S(=O)(=O)C(F)(F)F)c5)cc4)CC3)C2)C(C)(C)C)cc1,Cc1ncsc1-c1ccc([C@H](C)NC(=O)[C@@H]2C[C@@H](O)CN2C(=O)[C@@H](NC=O)C(C)(C)C)cc1,C[NH2+]CC[C@H](CSc1ccccc1)Nc1ccc(S(=O)(=O)NC(=O)c2ccc(N3CC[NH+](CC4=C(c5ccc(Cl)cc5)CCC(C)(C)C4)CC3)cc2)cc1S(=O)(=O)C(F)(F)F
vhl-bclxl,2390,Cc1ncsc1-c1ccc([C@H](C)NC(=O)[C@@H]2C[C@@H](O)CN2C(=O)[C@@H](NC(=O)CCCCCCCCC(=O)NC[C@]2(C)CCC(c3ccc(Cl)cc3)=C(C[NH+]3CCN(c4ccc(C(=O)NS(=O)(=O)c5ccc(N[C@H](CC[NH+]6CCOCC6)CSc6ccccc6)c(S(=O)(=O)C(F)(F)F)c5)cc4)CC3)C2)C(C)(C)C)cc1,Cc1ncsc1-c1ccc([C@H](C)NC(=O)[C@@H]2C[C@@H](O)CN2C(=O)[C@@H](NC=O)C(C)(C)C)cc1,C[NH2+]CC[C@H](CSc1ccccc1)Nc1ccc(S(=O)(=O)NC(=O)c2ccc(N3CC[NH+](CC4=C(c5ccc(Cl)cc5)CCC(C)(C)C4)CC3)cc2)cc1S(=O)(=O)C(F)(F)F
vhl-bclxl,3213,Cc1ncsc1-c1ccc([C@H](C)NC(=O)[C@@H]2C[C@@H](O)CN2C(=O)[C@@H](NC(=O)CCCC(=O)N2CC[NH+](C[C@@]3(C)CCC(c4ccc(Cl)cc4)=C(C[NH+]4CCN(c5ccc(C(=O)NS(=O)(=O)c6ccc(N[C@H](CC[NH+]7CCOCC7)CSc7ccccc7)c(S(=O)(=O)C(F)(F)F)c6)cc5)CC4)C3)CC2)C(C)(C)C)cc1,Cc1ncsc1-c1ccc([C@H](C)NC(=O)[C@@H]2C[C@@H](O)CN2C(=O)[C@@H](NC=O)C(C)(C)C)cc1,C[NH2+]CC[C@H](CSc1ccccc1)Nc1ccc(S(=O)(=O)NC(=O)c2ccc(N3CC[NH+](CC4=C(c5ccc(Cl)cc5)CCC(C)(C)C4)CC3)cc2)cc1S(=O)(=O)C(F)(F)F
vhl-bclxl,3214,Cc1ncsc1-c1ccc([C@H](C)NC(=O)[C@@H]2C[C@@H](O)CN2C(=O)[C@@H](NC(=O)CCCCC(=O)N2CC[NH+](C[C@@]3(C)CCC(c4ccc(Cl)cc4)=C(C[NH+]4CCN(c5ccc(C(=O)NS(=O)(=O)c6ccc(N[C@H](CC[NH+]7CCOCC7)CSc7ccccc7)c(S(=O)(=O)C(F)(F)F)c6)cc5)CC4)C3)CC2)C(C)(C)C)cc1,Cc1ncsc1-c1ccc([C@H](C)NC(=O)[C@@H]2C[C@@H](O)CN2C(=O)[C@@H](NC=O)C(C)(C)C)cc1,C[NH2+]CC[C@H](CSc1ccccc1)Nc1ccc(S(=O)(=O)NC(=O)c2ccc(N3CC[NH+](CC4=C(c5ccc(Cl)cc5)CCC(C)(C)C4)CC3)cc2)cc1S(=O)(=O)C(F)(F)F
vhl-bclxl,3215,Cc1ncsc1-c1ccc([C@H](C)NC(=O)[C@@H]2C[C@@H](O)CN2C(=O)[C@@H](NC(=O)CCCCCC(=O)N2CC[NH+](C[C@]3(C)CCC(c4ccc(Cl)cc4)=C(C[NH+]4CCN(c5ccc(C(=O)NS(=O)(=O)c6ccc(N[C@H](CC[NH+]7CCOCC7)CSc7ccccc7)c(S(=O)(=O)C(F)(F)F)c6)cc5)CC4)C3)CC2)C(C)(C)C)cc1,Cc1ncsc1-c1ccc([C@H](C)NC(=O)[C@@H]2C[C@@H](O)CN2C(=O)[C@@H](NC=O)C(C)(C)C)cc1,C[NH2+]CC[C@H](CSc1ccccc1)Nc1ccc(S(=O)(=O)NC(=O)c2ccc(N3CC[NH+](CC4=C(c5ccc(Cl)cc5)CCC(C)(C)C4)CC3)cc2)cc1S(=O)(=O)C(F)(F)F
vhl-bclxl,3216,Cc1ncsc1-c1ccc([C@H](C)NC(=O)[C@@H]2C[C@@H](O)CN2C(=O)[C@@H](NC(=O)CCCCCCC(=O)N2CC[NH+](C[C@]3(C)CCC(c4ccc(Cl)cc4)=C(C[NH+]4CCN(c5ccc(C(=O)NS(=O)(=O)c6ccc(N[C@H](CC[NH+]7CCOCC7)CSc7ccccc7)c(S(=O)(=O)C(F)(F)F)c6)cc5)CC4)C3)CC2)C(C)(C)C)cc1,Cc1ncsc1-c1ccc([C@H](C)NC(=O)[C@@H]2C[C@@H](O)CN2C(=O)[C@@H](NC=O)C(C)(C)C)cc1,C[NH2+]CC[C@H](CSc1ccccc1)Nc1ccc(S(=O)(=O)NC(=O)c2ccc(N3CC[NH+](CC4=C(c5ccc(Cl)cc5)CCC(C)(C)C4)CC3)cc2)cc1S(=O)(=O)C(F)(F)F
vhl-bclxl,3217,Cc1ncsc1-c1ccc([C@H](C)NC(=O)[C@@H]2C[C@@H](O)CN2C(=O)[C@@H](NC(=O)CCCCCCCC(=O)N2CC[NH+](C[C@]3(C)CCC(c4ccc(Cl)cc4)=C(C[NH+]4CCN(c5ccc(C(=O)NS(=O)(=O)c6ccc(N[C@H](CC[NH+]7CCOCC7)CSc7ccccc7)c(S(=O)(=O)C(F)(F)F)c6)cc5)CC4)C3)CC2)C(C)(C)C)cc1,Cc1ncsc1-c1ccc([C@H](C)NC(=O)[C@@H]2C[C@@H](O)CN2C(=O)[C@@H](NC=O)C(C)(C)C)cc1,C[NH2+]CC[C@H](CSc1ccccc1)Nc1ccc(S(=O)(=O)NC(=O)c2ccc(N3CC[NH+](CC4=C(c5ccc(Cl)cc5)CCC(C)(C)C4)CC3)cc2)cc1S(=O)(=O)C(F)(F)F
vhl-bclxl,3218,Cc1ncsc1-c1ccc([C@H](C)NC(=O)[C@@H]2C[C@@H](O)CN2C(=O)[C@@H](NC(=O)CCCCCCCCC(=O)N2CC[NH+](C[C@@]3(C)CCC(c4ccc(Cl)cc4)=C(C[NH+]4CCN(c5ccc(C(=O)NS(=O)(=O)c6ccc(N[C@H](CC[NH+]7CCOCC7)CSc7ccccc7)c(S(=O)(=O)C(F)(F)F)c6)cc5)CC4)C3)CC2)C(C)(C)C)cc1,Cc1ncsc1-c1ccc([C@H](C)NC(=O)[C@@H]2C[C@@H](O)CN2C(=O)[C@@H](NC=O)C(C)(C)C)cc1,C[NH2+]CC[C@H](CSc1ccccc1)Nc1ccc(S(=O)(=O)NC(=O)c2ccc(N3CC[NH+](CC4=C(c5ccc(Cl)cc5)CCC(C)(C)C4)CC3)cc2)cc1S(=O)(=O)C(F)(F)F
vhl-bclxl,3219,Cc1ncsc1-c1ccc([C@H](C)NC(=O)[C@@H]2C[C@@H](O)CN2C(=O)[C@@H](NC(=O)CCCCCCCCCC(=O)N2CC[NH+](C[C@@]3(C)CCC(c4ccc(Cl)cc4)=C(C[NH+]4CCN(c5ccc(C(=O)NS(=O)(=O)c6ccc(N[C@H](CC[NH+]7CCOCC7)CSc7ccccc7)c(S(=O)(=O)C(F)(F)F)c6)cc5)CC4)C3)CC2)C(C)(C)C)cc1,Cc1ncsc1-c1ccc([C@H](C)NC(=O)[C@@H]2C[C@@H](O)CN2C(=O)[C@@H](NC=O)C(C)(C)C)cc1,C[NH2+]CC[C@H](CSc1ccccc1)Nc1ccc(S(=O)(=O)NC(=O)c2ccc(N3CC[NH+](CC4=C(c5ccc(Cl)cc5)CCC(C)(C)C4)CC3)cc2)cc1S(=O)(=O)C(F)(F)F
vhl-bclxl,3221,Cc1ncsc1-c1ccc([C@H](C)NC(=O)[C@@H]2C[C@@H](O)CN2C(=O)[C@@H](NC(=O)CCCCCCC(=O)N2CC[NH+](C[C@]3(C)CCC(c4ccc(Cl)cc4)=C(C[NH+]4CCN(c5ccc(C(=O)NS(=O)(=O)c6ccc(N[C@H](CC[NH+]7CCOCC7)CSc7ccccc7)c(S(=O)(=O)C(F)(F)F)c6)cc5)CC4)C3)CC2)C(C)(C)C)cc1,Cc1ncsc1-c1ccc([C@H](C)NC(=O)[C@@H]2C[C@@H](O)CN2C(=O)[C@@H](NC=O)C(C)(C)C)cc1,C[NH2+]CC[C@H](CSc1ccccc1)Nc1ccc(S(=O)(=O)NC(=O)c2ccc(N3CC[NH+](CC4=C(c5ccc(Cl)cc5)CCC(C)(C)C4)CC3)cc2)cc1S(=O)(=O)C(F)(F)F
vhl-wdr5,2280,Cc1ncsc1-c1ccc(CNC(=O)[C@@H]2C[C@@H](O)CN2C(=O)[C@@H](NC(=O)CCOCCNC(=O)c2ccc(-c3ccc(N4CC[NH+](C)CC4)c(NC(=O)c4c[nH]c(=O)cc4C(F)(F)F)c3)cc2)C(C)(C)C)cc1,Cc1ncsc1-c1ccc(CNC(=O)[C@@H]2C[C@@H](O)CN2C(=O)[C@@H](NC=O)C(C)(C)C)cc1,C[NH+]1CCN(c2ccc(-c3ccccc3)cc2NC(=O)c2c[nH]c(=O)cc2C(F)(F)F)CC1
vhl-wdr5,2281,Cc1ncsc1-c1ccc(CNC(=O)[C@@H]2C[C@@H](O)CN2C(=O)[C@@H](NC(=O)CCOCCOCCNC(=O)c2ccc(-c3ccc(N4CC[NH+](C)CC4)c(NC(=O)c4c[nH]c(=O)cc4C(F)(F)F)c3)cc2)C(C)(C)C)cc1,Cc1ncsc1-c1ccc(CNC(=O)[C@@H]2C[C@@H](O)CN2C(=O)[C@@H](NC=O)C(C)(C)C)cc1,C[NH+]1CCN(c2ccc(-c3ccccc3)cc2NC(=O)c2c[nH]c(=O)cc2C(F)(F)F)CC1
vhl-wdr5,2282,Cc1ncsc1-c1ccc(CNC(=O)[C@@H]2C[C@@H](O)CN2C(=O)[C@@H](NC(=O)CCOCCOCCOCCOCCNC(=O)c2ccc(-c3ccc(N4CC[NH+](C)CC4)c(NC(=O)c4c[nH]c(=O)cc4C(F)(F)F)c3)cc2)C(C)(C)C)cc1,Cc1ncsc1-c1ccc(CNC(=O)[C@@H]2C[C@@H](O)CN2C(=O)[C@@H](NC=O)C(C)(C)C)cc1,C[NH+]1CCN(c2ccc(-c3ccccc3)cc2NC(=O)c2c[nH]c(=O)cc2C(F)(F)F)CC1
vhl-wdr5,2283,Cc1ncsc1-c1ccc(CNC(=O)[C@@H]2C[C@@H](O)CN2C(=O)[C@@H](NC(=O)c2ccc(-c3ccc(N4CC[NH+](C)CC4)c(NC(=O)c4c[nH]c(=O)cc4C(F)(F)F)c3)cc2)C(C)(C)C)cc1,Cc1ncsc1-c1ccc(CNC(=O)[C@@H]2C[C@@H](O)CN2C(=O)[C@@H](NC=O)C(C)(C)C)cc1,C[NH+]1CCN(c2ccc(-c3ccccc3)cc2NC(=O)c2c[nH]c(=O)cc2C(F)(F)F)CC1
vhl-wdr5,2284,Cc1ncsc1-c1ccc(CNC(=O)[C@@H]2C[C@@H](O)CN2C(=O)[C@@H](NC(=O)CCNC(=O)c2ccc(-c3ccc(N4CC[NH+](C)CC4)c(NC(=O)c4c[nH]c(=O)cc4C(F)(F)F)c3)cc2)C(C)(C)C)cc1,Cc1ncsc1-c1ccc(CNC(=O)[C@@H]2C[C@@H](O)CN2C(=O)[C@@H](NC=O)C(C)(C)C)cc1,C[NH+]1CCN(c2ccc(-c3ccccc3)cc2NC(=O)c2c[nH]c(=O)cc2C(F)(F)F)CC1
vhl-wdr5,2285,Cc1ncsc1-c1ccc(CNC(=O)[C@@H]2C[C@@H](O)CN2C(=O)[C@@H](NC(=O)CCCNC(=O)c2ccc(-c3ccc(N4CC[NH+](C)CC4)c(NC(=O)c4c[nH]c(=O)cc4C(F)(F)F)c3)cc2)C(C)(C)C)cc1,Cc1ncsc1-c1ccc(CNC(=O)[C@@H]2C[C@@H](O)CN2C(=O)[C@@H](NC=O)C(C)(C)C)cc1,C[NH+]1CCN(c2ccc(-c3ccccc3)cc2NC(=O)c2c[nH]c(=O)cc2C(F)(F)F)CC1
vhl-wdr5,2286,Cc1ncsc1-c1ccc(CNC(=O)[C@@H]2C[C@@H](O)CN2C(=O)[C@@H](NC(=O)CCCCNC(=O)c2ccc(-c3ccc(N4CC[NH+](C)CC4)c(NC(=O)c4c[nH]c(=O)cc4C(F)(F)F)c3)cc2)C(C)(C)C)cc1,Cc1ncsc1-c1ccc(CNC(=O)[C@@H]2C[C@@H](O)CN2C(=O)[C@@H](NC=O)C(C)(C)C)cc1,C[NH+]1CCN(c2ccc(-c3ccccc3)cc2NC(=O)c2c[nH]c(=O)cc2C(F)(F)F)CC1
vhl-wdr5,2287,Cc1ncsc1-c1ccc(CNC(=O)[C@@H]2C[C@@H](O)CN2C(=O)[C@@H](NC(=O)CCCCCNC(=O)c2ccc(-c3ccc(N4CC[NH+](C)CC4)c(NC(=O)c4c[nH]c(=O)cc4C(F)(F)F)c3)cc2)C(C)(C)C)cc1,Cc1ncsc1-c1ccc(CNC(=O)[C@@H]2C[C@@H](O)CN2C(=O)[C@@H](NC=O)C(C)(C)C)cc1,C[NH+]1CCN(c2ccc(-c3ccccc3)cc2NC(=O)c2c[nH]c(=O)cc2C(F)(F)F)CC1
vhl-wdr5,2288,Cc1ncsc1-c1ccc(CNC(=O)[C@@H]2C[C@@H](O)CN2C(=O)[C@@H](NC(=O)CCCCCCNC(=O)c2ccc(-c3ccc(N4CC[NH+](C)CC4)c(NC(=O)c4c[nH]c(=O)cc4C(F)(F)F)c3)cc2)C(C)(C)C)cc1,Cc1ncsc1-c1ccc(CNC(=O)[C@@H]2C[C@@H](O)CN2C(=O)[C@@H](NC=O)C(C)(C)C)cc1,C[NH+]1CCN(c2ccc(-c3ccccc3)cc2NC(=O)c2c[nH]c(=O)cc2C(F)(F)F)CC1
vhl-wdr5,2289,Cc1ncsc1-c1ccc(CNC(=O)[C@@H]2C[C@@H](O)CN2C(=O)[C@@H](NC(=O)Cc2ccc(CNC(=O)c3ccc(-c4ccc(N5CC[NH+](C)CC5)c(NC(=O)c5c[nH]c(=O)cc5C(F)(F)F)c4)cc3)cc2)C(C)(C)C)cc1,Cc1ncsc1-c1ccc(CNC(=O)[C@@H]2C[C@@H](O)CN2C(=O)[C@@H](NC=O)C(C)(C)C)cc1,C[NH+]1CCN(c2ccc(-c3ccccc3)cc2NC(=O)c2c[nH]c(=O)cc2C(F)(F)F)CC1
vhl-wdr5,2293,Cc1ncsc1-c1ccc(CNC(=O)[C@@H]2C[C@@H](O)CN2C(=O)[C@@H](NC(=O)CCOCCOc2ccc(-c3c[n+]4c([nH]3)CCC4)cc2CNC(=O)Cc2ccc(Cl)c(Cl)c2)C(C)(C)C)cc1,Cc1ncsc1-c1ccc(CNC(=O)[C@@H]2C[C@@H](O)CN2C(=O)[C@@H](NC=O)C(C)(C)C)cc1,O=C(Cc1ccc(Cl)c(Cl)c1)NCc1cccc(-c2cn3c([nH+]2)CCC3)c1
vhl-wdr5,2294,Cc1ncsc1-c1ccc(CNC(=O)[C@@H]2C[C@@H](O)CN2C(=O)[C@@H](NC(=O)CCOCCOCCOc2ccc(-c3c[n+]4c([nH]3)CCC4)cc2CNC(=O)Cc2ccc(Cl)c(Cl)c2)C(C)(C)C)cc1,Cc1ncsc1-c1ccc(CNC(=O)[C@@H]2C[C@@H](O)CN2C(=O)[C@@H](NC=O)C(C)(C)C)cc1,O=C(Cc1ccc(Cl)c(Cl)c1)NCc1cccc(-c2cn3c([nH+]2)CCC3)c1
vhl-wdr5,2295,Cc1ncsc1-c1ccc(CNC(=O)[C@@H]2C[C@@H](O)CN2C(=O)[C@@H](NC(=O)CCOCCOCCOCCOc2ccc(-c3c[n+]4c([nH]3)CCC4)cc2CNC(=O)Cc2ccc(Cl)c(Cl)c2)C(C)(C)C)cc1,Cc1ncsc1-c1ccc(CNC(=O)[C@@H]2C[C@@H](O)CN2C(=O)[C@@H](NC=O)C(C)(C)C)cc1,O=C(Cc1ccc(Cl)c(Cl)c1)NCc1cccc(-c2cn3c([nH+]2)CCC3)c1
vhl-wdr5,2296,Cc1ncsc1-c1ccc(CNC(=O)[C@@H]2C[C@@H](O)CN2C(=O)[C@@H](NC(=O)CCOCCOCCOCCOCCOc2ccc(-c3c[n+]4c([nH]3)CCC4)cc2CNC(=O)Cc2ccc(Cl)c(Cl)c2)C(C)(C)C)cc1,Cc1ncsc1-c1ccc(CNC(=O)[C@@H]2C[C@@H](O)CN2C(=O)[C@@H](NC=O)C(C)(C)C)cc1,O=C(Cc1ccc(Cl)c(Cl)c1)NCc1cccc(-c2cn3c([nH+]2)CCC3)c1
vhl-wdr5,2297,Cc1ncsc1-c1ccc(CNC(=O)[C@@H]2C[C@@H](O)CN2C(=O)[C@@H](NC(=O)CCOCCOCCOCCOCCOCCOc2ccc(-c3c[n+]4c([nH]3)CCC4)cc2CNC(=O)Cc2ccc(Cl)c(Cl)c2)C(C)(C)C)cc1,Cc1ncsc1-c1ccc(CNC(=O)[C@@H]2C[C@@H](O)CN2C(=O)[C@@H](NC=O)C(C)(C)C)cc1,O=C(Cc1ccc(Cl)c(Cl)c1)NCc1cccc(-c2cn3c([nH+]2)CCC3)c1
vhl-wdr5,2298,Cc1ncsc1-c1ccc(CNC(=O)[C@@H]2C[C@@H](O)CN2C(=O)[C@@H](NC(=O)CCOCCOCCOCCOCCOCCOCCOc2ccc(-c3c[n+]4c([nH]3)CCC4)cc2CNC(=O)Cc2ccc(Cl)c(Cl)c2)C(C)(C)C)cc1,Cc1ncsc1-c1ccc(CNC(=O)[C@@H]2C[C@@H](O)CN2C(=O)[C@@H](NC=O)C(C)(C)C)cc1,O=C(Cc1ccc(Cl)c(Cl)c1)NCc1cccc(-c2cn3c([nH+]2)CCC3)c1
vhl-wdr5,2299,Cc1ncsc1-c1ccc(CNC(=O)[C@@H]2C[C@@H](O)CN2C(=O)[C@@H](NC(=O)CCOCCOCCOCCOCCOCCOCCOCCOc2ccc(-c3c[n+]4c([nH]3)CCC4)cc2CNC(=O)Cc2ccc(Cl)c(Cl)c2)C(C)(C)C)cc1,Cc1ncsc1-c1ccc(CNC(=O)[C@@H]2C[C@@H](O)CN2C(=O)[C@@H](NC=O)C(C)(C)C)cc1,O=C(Cc1ccc(Cl)c(Cl)c1)NCc1cccc(-c2cn3c([nH+]2)CCC3)c1
crbn-bclxl,642,CC1(C)CCC(c2ccc(Cl)cc2)=C(C[NH+]2CCN(c3ccc(C(=O)NS(=O)(=O)c4ccc(N[C@H](CC[NH+]5CCN(C(=O)CCCNc6cccc7c6C(=O)N([C@@H]6CCC(=O)NC6=O)C7=O)CC5)CSc5ccccc5)c(S(=O)(=O)C(F)(F)F)c4)cc3)CC2)C1,O=C1CC[C@H](N2C(=O)c3ccccc3C2=O)C(=O)N1,CC1(C)CCC(c2ccc(Cl)cc2)=C(C[NH+]2CCN(c3ccc(C(=O)NS(=O)(=O)c4ccc(N[C@H](CCN5CC[NH2+]CC5)CSc5ccccc5)c(S(=O)(=O)C(F)(F)F)c4)cc3)CC2)C1
crbn-bclxl,643,CC1(C)CCC(c2ccc(Cl)cc2)=C(C[NH+]2CCN(c3ccc(C(=O)NS(=O)(=O)c4ccc(N[C@H](CC[NH+]5CCN(C(=O)CCCCNc6cccc7c6C(=O)N([C@@H]6CCC(=O)NC6=O)C7=O)CC5)CSc5ccccc5)c(S(=O)(=O)C(F)(F)F)c4)cc3)CC2)C1,O=C1CC[C@H](N2C(=O)c3ccccc3C2=O)C(=O)N1,CC1(C)CCC(c2ccc(Cl)cc2)=C(C[NH+]2CCN(c3ccc(C(=O)NS(=O)(=O)c4ccc(N[C@H](CCN5CC[NH2+]CC5)CSc5ccccc5)c(S(=O)(=O)C(F)(F)F)c4)cc3)CC2)C1
crbn-bclxl,644,CC1(C)CCC(c2ccc(Cl)cc2)=C(C[NH+]2CCN(c3ccc(C(=O)NS(=O)(=O)c4ccc(N[C@H](CC[NH+]5CCN(C(=O)CCCCCNc6cccc7c6C(=O)N([C@@H]6CCC(=O)NC6=O)C7=O)CC5)CSc5ccccc5)c(S(=O)(=O)C(F)(F)F)c4)cc3)CC2)C1,O=C1CC[C@H](N2C(=O)c3ccccc3C2=O)C(=O)N1,CC1(C)CCC(c2ccc(Cl)cc2)=C(C[NH+]2CCN(c3ccc(C(=O)NS(=O)(=O)c4ccc(N[C@H](CCN5CC[NH2+]CC5)CSc5ccccc5)c(S(=O)(=O)C(F)(F)F)c4)cc3)CC2)C1
crbn-bclxl,645,CC1(C)CCC(c2ccc(Cl)cc2)=C(C[NH+]2CCN(c3ccc(C(=O)NS(=O)(=O)c4ccc(N[C@H](CC[NH+]5CCN(C(=O)CCCCCCNc6cccc7c6C(=O)N([C@@H]6CCC(=O)NC6=O)C7=O)CC5)CSc5ccccc5)c(S(=O)(=O)C(F)(F)F)c4)cc3)CC2)C1,O=C1CC[C@H](N2C(=O)c3ccccc3C2=O)C(=O)N1,CC1(C)CCC(c2ccc(Cl)cc2)=C(C[NH+]2CCN(c3ccc(C(=O)NS(=O)(=O)c4ccc(N[C@H](CCN5CC[NH2+]CC5)CSc5ccccc5)c(S(=O)(=O)C(F)(F)F)c4)cc3)CC2)C1
crbn-bclxl,646,CC1(C)CCC(c2ccc(Cl)cc2)=C(C[NH+]2CCN(c3ccc(C(=O)NS(=O)(=O)c4ccc(N[C@H](CC[NH+]5CCN(C(=O)CCCCCCCNc6cccc7c6C(=O)N([C@@H]6CCC(=O)NC6=O)C7=O)CC5)CSc5ccccc5)c(S(=O)(=O)C(F)(F)F)c4)cc3)CC2)C1,O=C1CC[C@H](N2C(=O)c3ccccc3C2=O)C(=O)N1,CC1(C)CCC(c2ccc(Cl)cc2)=C(C[NH+]2CCN(c3ccc(C(=O)NS(=O)(=O)c4ccc(N[C@H](CCN5CC[NH2+]CC5)CSc5ccccc5)c(S(=O)(=O)C(F)(F)F)c4)cc3)CC2)C1
crbn-bclxl,647,CC1(C)CCC(c2ccc(Cl)cc2)=C(C[NH+]2CCN(c3ccc(C(=O)NS(=O)(=O)c4ccc(N[C@H](CCN5CC[NH+](CCCNc6cccc7c6C(=O)N([C@@H]6CCC(=O)NC6=O)C7=O)CC5)CSc5ccccc5)c(S(=O)(=O)C(F)(F)F)c4)cc3)CC2)C1,O=C1CC[C@H](N2C(=O)c3ccccc3C2=O)C(=O)N1,CC1(C)CCC(c2ccc(Cl)cc2)=C(C[NH+]2CCN(c3ccc(C(=O)NS(=O)(=O)c4ccc(N[C@H](CCN5CC[NH2+]CC5)CSc5ccccc5)c(S(=O)(=O)C(F)(F)F)c4)cc3)CC2)C1
crbn-bclxl,648,CC1(C)CCC(c2ccc(Cl)cc2)=C(C[NH+]2CCN(c3ccc(C(=O)NS(=O)(=O)c4ccc(N[C@H](CCN5CC[NH+](CCCCNc6cccc7c6C(=O)N([C@@H]6CCC(=O)NC6=O)C7=O)CC5)CSc5ccccc5)c(S(=O)(=O)C(F)(F)F)c4)cc3)CC2)C1,O=C1CC[C@H](N2C(=O)c3ccccc3C2=O)C(=O)N1,CC1(C)CCC(c2ccc(Cl)cc2)=C(C[NH+]2CCN(c3ccc(C(=O)NS(=O)(=O)c4ccc(N[C@H](CCN5CC[NH2+]CC5)CSc5ccccc5)c(S(=O)(=O)C(F)(F)F)c4)cc3)CC2)C1
crbn-bclxl,649,CC1(C)CCC(c2ccc(Cl)cc2)=C(C[NH+]2CCN(c3ccc(C(=O)NS(=O)(=O)c4ccc(N[C@H](CCN5CC[NH+](CCCCCNc6cccc7c6C(=O)N([C@@H]6CCC(=O)NC6=O)C7=O)CC5)CSc5ccccc5)c(S(=O)(=O)C(F)(F)F)c4)cc3)CC2)C1,O=C1CC[C@H](N2C(=O)c3ccccc3C2=O)C(=O)N1,CC1(C)CCC(c2ccc(Cl)cc2)=C(C[NH+]2CCN(c3ccc(C(=O)NS(=O)(=O)c4ccc(N[C@H](CCN5CC[NH2+]CC5)CSc5ccccc5)c(S(=O)(=O)C(F)(F)F)c4)cc3)CC2)C1
crbn-bclxl,650,CC1(C)CCC(c2ccc(Cl)cc2)=C(C[NH+]2CCN(c3ccc(C(=O)NS(=O)(=O)c4ccc(N[C@H](CC[NH+]5CCN(C(=O)COCCOCCNc6cccc7c6C(=O)N([C@@H]6CCC(=O)NC6=O)C7=O)CC5)CSc5ccccc5)c(S(=O)(=O)C(F)(F)F)c4)cc3)CC2)C1,O=C1CC[C@H](N2C(=O)c3ccccc3C2=O)C(=O)N1,CC1(C)CCC(c2ccc(Cl)cc2)=C(C[NH+]2CCN(c3ccc(C(=O)NS(=O)(=O)c4ccc(N[C@H](CCN5CC[NH2+]CC5)CSc5ccccc5)c(S(=O)(=O)C(F)(F)F)c4)cc3)CC2)C1
crbn-bclxl,651,CC1(C)CCC(c2ccc(Cl)cc2)=C(C[NH+]2CCN(c3ccc(C(=O)NS(=O)(=O)c4ccc(N[C@H](CC[NH+]5CCN(C(=O)COCCOCCOCCNc6cccc7c6C(=O)N([C@@H]6CCC(=O)NC6=O)C7=O)CC5)CSc5ccccc5)c(S(=O)(=O)C(F)(F)F)c4)cc3)CC2)C1,O=C1CC[C@H](N2C(=O)c3ccccc3C2=O)C(=O)N1,CC1(C)CCC(c2ccc(Cl)cc2)=C(C[NH+]2CCN(c3ccc(C(=O)NS(=O)(=O)c4ccc(N[C@H](CCN5CC[NH2+]CC5)CSc5ccccc5)c(S(=O)(=O)C(F)(F)F)c4)cc3)CC2)C1
crbn-bclxl,652,CC1(C)CCC(c2ccc(Cl)cc2)=C(C[NH+]2CCN(c3ccc(C(=O)NS(=O)(=O)c4ccc(N[C@H](CC[NH+]5CCN(C(=O)COCCOCCOCCOCCNc6cccc7c6C(=O)N([C@@H]6CCC(=O)NC6=O)C7=O)CC5)CSc5ccccc5)c(S(=O)(=O)C(F)(F)F)c4)cc3)CC2)C1,O=C1CC[C@H](N2C(=O)c3ccccc3C2=O)C(=O)N1,CC1(C)CCC(c2ccc(Cl)cc2)=C(C[NH+]2CCN(c3ccc(C(=O)NS(=O)(=O)c4ccc(N[C@H](CCN5CC[NH2+]CC5)CSc5ccccc5)c(S(=O)(=O)C(F)(F)F)c4)cc3)CC2)C1
crbn-bclxl,653,CC1(C)CCC(c2ccc(Cl)cc2)=C(C[NH+]2CCN(c3ccc(C(=O)NS(=O)(=O)c4ccc(N[C@H](CC[NH+]5CCN(C(=O)NCCOCCOCCNc6cccc7c6C(=O)N([C@@H]6CCC(=O)NC6=O)C7=O)CC5)CSc5ccccc5)c(S(=O)(=O)C(F)(F)F)c4)cc3)CC2)C1,O=C1CC[C@H](N2C(=O)c3ccccc3C2=O)C(=O)N1,CC1(C)CCC(c2ccc(Cl)cc2)=C(C[NH+]2CCN(c3ccc(C(=O)NS(=O)(=O)c4ccc(N[C@H](CCN5CC[NH2+]CC5)CSc5ccccc5)c(S(=O)(=O)C(F)(F)F)c4)cc3)CC2)C1
crbn-bclxl,654,CC1(C)CCC(c2ccc(Cl)cc2)=C(C[NH+]2CCN(c3ccc(C(=O)NS(=O)(=O)c4ccc(N[C@H](CC[NH+]5CCN(C(=S)NCCOCCOCCNc6cccc7c6C(=O)N([C@@H]6CCC(=O)NC6=O)C7=O)CC5)CSc5ccccc5)c(S(=O)(=O)C(F)(F)F)c4)cc3)CC2)C1,O=C1CC[C@H](N2C(=O)c3ccccc3C2=O)C(=O)N1,CC1(C)CCC(c2ccc(Cl)cc2)=C(C[NH+]2CCN(c3ccc(C(=O)NS(=O)(=O)c4ccc(N[C@H](CCN5CC[NH2+]CC5)CSc5ccccc5)c(S(=O)(=O)C(F)(F)F)c4)cc3)CC2)C1
crbn-bclxl,655,CC1(C)CCC(c2ccc(Cl)cc2)=C(C[NH+]2CCN(c3ccc(C(=O)NS(=O)(=O)c4ccc(N[C@H](CC[NH+]5CCN(CCOCCNc6cccc7c6C(=O)N([C@@H]6CCC(=O)NC6=O)C7=O)CC5)CSc5ccccc5)c(S(=O)(=O)C(F)(F)F)c4)cc3)CC2)C1,O=C1CC[C@H](N2C(=O)c3ccccc3C2=O)C(=O)N1,CC1(C)CCC(c2ccc(Cl)cc2)=C(C[NH+]2CCN(c3ccc(C(=O)NS(=O)(=O)c4ccc(N[C@H](CCN5CC[NH2+]CC5)CSc5ccccc5)c(S(=O)(=O)C(F)(F)F)c4)cc3)CC2)C1
crbn-bclxl,656,CC1(C)CCC(c2ccc(Cl)cc2)=C(C[NH+]2CCN(c3ccc(C(=O)NS(=O)(=O)c4ccc(N[C@H](CC[NH+]5CCN(CCOCCOCCNc6cccc7c6C(=O)N([C@@H]6CCC(=O)NC6=O)C7=O)CC5)CSc5ccccc5)c(S(=O)(=O)C(F)(F)F)c4)cc3)CC2)C1,O=C1CC[C@H](N2C(=O)c3ccccc3C2=O)C(=O)N1,CC1(C)CCC(c2ccc(Cl)cc2)=C(C[NH+]2CCN(c3ccc(C(=O)NS(=O)(=O)c4ccc(N[C@H](CCN5CC[NH2+]CC5)CSc5ccccc5)c(S(=O)(=O)C(F)(F)F)c4)cc3)CC2)C1
crbn-bclxl,657,CC1(C)CCC(c2ccc(Cl)cc2)=C(C[NH+]2CCN(c3ccc(C(=O)NS(=O)(=O)c4ccc(N[C@H](CC[NH+]5CCN(CCOCCOCCOCCNc6cccc7c6C(=O)N([C@@H]6CCC(=O)NC6=O)C7=O)CC5)CSc5ccccc5)c(S(=O)(=O)C(F)(F)F)c4)cc3)CC2)C1,O=C1CC[C@H](N2C(=O)c3ccccc3C2=O)C(=O)N1,C[NH2+]CC[C@H](CSc1ccccc1)Nc1ccc(S(=O)(=O)NC(=O)c2ccc(N3CC[NH+](CC4=C(c5ccc(Cl)cc5)CCC(C)(C)C4)CC3)cc2)cc1S(=O)(=O)C(F)(F)F
crbn-bclxl,658,CN(CC[C@H](CSc1ccccc1)Nc1ccc(S(=O)(=O)NC(=O)c2ccc(N3CC[NH+](CC4=C(c5ccc(Cl)cc5)CCC(C)(C)C4)CC3)cc2)cc1S(=O)(=O)C(F)(F)F)C(=O)CCCn1cc(COCCOCCNc2cccc3c2C(=O)N([C@@H]2CCC(=O)NC2=O)C3=O)nn1,O=C1CC[C@H](N2C(=O)c3ccccc3C2=O)C(=O)N1,C[NH2+]CC[C@H](CSc1ccccc1)Nc1ccc(S(=O)(=O)NC(=O)c2ccc(N3CC[NH+](CC4=C(c5ccc(Cl)cc5)CCC(C)(C)C4)CC3)cc2)cc1S(=O)(=O)C(F)(F)F
crbn-bclxl,659,CN(CC[C@H](CSc1ccccc1)Nc1ccc(S(=O)(=O)NC(=O)c2ccc(N3CC[NH+](CC4=C(c5ccc(Cl)cc5)CCC(C)(C)C4)CC3)cc2)cc1S(=O)(=O)C(F)(F)F)C(=O)CCCn1cc(COCCOCCOCCNc2cccc3c2C(=O)N([C@@H]2CCC(=O)NC2=O)C3=O)nn1,O=C1CC[C@H](N2C(=O)c3ccccc3C2=O)C(=O)N1,C[NH2+]CC[C@H](CSc1ccccc1)Nc1ccc(S(=O)(=O)NC(=O)c2ccc(N3CC[NH+](CC4=C(c5ccc(Cl)cc5)CCC(C)(C)C4)CC3)cc2)cc1S(=O)(=O)C(F)(F)F
crbn-bclxl,660,CN(CC[C@H](CSc1ccccc1)Nc1ccc(S(=O)(=O)NC(=O)c2ccc(N3CC[NH+](CC4=C(c5ccc(Cl)cc5)CCC(C)(C)C4)CC3)cc2)cc1S(=O)(=O)C(F)(F)F)C(=O)CCCCCCn1cc(COCCOCCNc2cccc3c2C(=O)N([C@@H]2CCC(=O)NC2=O)C3=O)nn1,O=C1CC[C@H](N2C(=O)c3ccccc3C2=O)C(=O)N1,C[NH2+]CC[C@H](CSc1ccccc1)Nc1ccc(S(=O)(=O)NC(=O)c2ccc(N3CC[NH+](CC4=C(c5ccc(Cl)cc5)CCC(C)(C)C4)CC3)cc2)cc1S(=O)(=O)C(F)(F)F
crbn-bclxl,661,CN(CC[C@H](CSc1ccccc1)Nc1ccc(S(=O)(=O)NC(=O)c2ccc(N3CC[NH+](CC4=C(c5ccc(Cl)cc5)CCC(C)(C)C4)CC3)cc2)cc1S(=O)(=O)C(F)(F)F)C(=O)CCCCCCn1cc(COCCOCCOCCNc2cccc3c2C(=O)N([C@@H]2CCC(=O)NC2=O)C3=O)nn1,O=C1CC[C@H](N2C(=O)c3ccccc3C2=O)C(=O)N1,C[NH2+]CC[C@H](CSc1ccccc1)Nc1ccc(S(=O)(=O)NC(=O)c2ccc(N3CC[NH+](CC4=C(c5ccc(Cl)cc5)CCC(C)(C)C4)CC3)cc2)cc1S(=O)(=O)C(F)(F)F
crbn-bclxl,662,C[N@@H+](CCCCCCCn1cc(COCCOCCNc2cccc3c2C(=O)N([C@@H]2CCC(=O)NC2=O)C3=O)nn1)CC[C@H](CSc1ccccc1)Nc1ccc(S(=O)(=O)NC(=O)c2ccc(N3CC[NH+](CC4=C(c5ccc(Cl)cc5)CCC(C)(C)C4)CC3)cc2)cc1S(=O)(=O)C(F)(F)F,O=C1CC[C@H](N2C(=O)c3ccccc3C2=O)C(=O)N1,C[NH2+]CC[C@H](CSc1ccccc1)Nc1ccc(S(=O)(=O)NC(=O)c2ccc(N3CC[NH+](CC4=C(c5ccc(Cl)cc5)CCC(C)(C)C4)CC3)cc2)cc1S(=O)(=O)C(F)(F)F
crbn-bclxl,663,C[N@@H+](CCCCCCCn1cc(COCCOCCOCCNc2cccc3c2C(=O)N([C@@H]2CCC(=O)NC2=O)C3=O)nn1)CC[C@H](CSc1ccccc1)Nc1ccc(S(=O)(=O)NC(=O)c2ccc(N3CC[NH+](CC4=C(c5ccc(Cl)cc5)CCC(C)(C)C4)CC3)cc2)cc1S(=O)(=O)C(F)(F)F,O=C1CC[C@H](N2C(=O)c3ccccc3C2=O)C(=O)N1,C[NH2+]CC[C@H](CSc1ccccc1)Nc1ccc(S(=O)(=O)NC(=O)c2ccc(N3CC[NH+](CC4=C(c5ccc(Cl)cc5)CCC(C)(C)C4)CC3)cc2)cc1S(=O)(=O)C(F)(F)F
crbn-bclxl,664,C[N@@H+](CCCNc1cccc2c1C(=O)N([C@@H]1CCC(=O)NC1=O)C2=O)CC[C@H](CSc1ccccc1)Nc1ccc(S(=O)(=O)NC(=O)c2ccc(N3CC[NH+](CC4=C(c5ccc(Cl)cc5)CCC(C)(C)C4)CC3)cc2)cc1S(=O)(=O)C(F)(F)F,O=C1CC[C@H](N2C(=O)c3ccccc3C2=O)C(=O)N1,C[NH2+]CC[C@H](CSc1ccccc1)Nc1ccc(S(=O)(=O)NC(=O)c2ccc(N3CC[NH+](CC4=C(c5ccc(Cl)cc5)CCC(C)(C)C4)CC3)cc2)cc1S(=O)(=O)C(F)(F)F
crbn-bclxl,665,C[N@H+](CCCCNc1cccc2c1C(=O)N([C@@H]1CCC(=O)NC1=O)C2=O)CC[C@H](CSc1ccccc1)Nc1ccc(S(=O)(=O)NC(=O)c2ccc(N3CC[NH+](CC4=C(c5ccc(Cl)cc5)CCC(C)(C)C4)CC3)cc2)cc1S(=O)(=O)C(F)(F)F,O=C1CC[C@H](N2C(=O)c3ccccc3C2=O)C(=O)N1,C[NH2+]CC[C@H](CSc1ccccc1)Nc1ccc(S(=O)(=O)NC(=O)c2ccc(N3CC[NH+](CC4=C(c5ccc(Cl)cc5)CCC(C)(C)C4)CC3)cc2)cc1S(=O)(=O)C(F)(F)F
crbn-bclxl,666,C[N@H+](CCCCCNc1cccc2c1C(=O)N([C@@H]1CCC(=O)NC1=O)C2=O)CC[C@H](CSc1ccccc1)Nc1ccc(S(=O)(=O)NC(=O)c2ccc(N3CC[NH+](CC4=C(c5ccc(Cl)cc5)CCC(C)(C)C4)CC3)cc2)cc1S(=O)(=O)C(F)(F)F,O=C1CC[C@H](N2C(=O)c3ccccc3C2=O)C(=O)N1,C[NH2+]CC[C@H](CSc1ccccc1)Nc1ccc(S(=O)(=O)NC(=O)c2ccc(N3CC[NH+](CC4=C(c5ccc(Cl)cc5)CCC(C)(C)C4)CC3)cc2)cc1S(=O)(=O)C(F)(F)F
crbn-bclxl,667,C[N@H+](CCCCCCNc1cccc2c1C(=O)N([C@@H]1CCC(=O)NC1=O)C2=O)CC[C@H](CSc1ccccc1)Nc1ccc(S(=O)(=O)NC(=O)c2ccc(N3CC[NH+](CC4=C(c5ccc(Cl)cc5)CCC(C)(C)C4)CC3)cc2)cc1S(=O)(=O)C(F)(F)F,O=C1CC[C@H](N2C(=O)c3ccccc3C2=O)C(=O)N1,C[NH2+]CC[C@H](CSc1ccccc1)Nc1ccc(S(=O)(=O)NC(=O)c2ccc(N3CC[NH+](CC4=C(c5ccc(Cl)cc5)CCC(C)(C)C4)CC3)cc2)cc1S(=O)(=O)C(F)(F)F
crbn-bclxl,668,C[N@@H+](CCCCCCCCNc1cccc2c1C(=O)N([C@@H]1CCC(=O)NC1=O)C2=O)CC[C@H](CSc1ccccc1)Nc1ccc(S(=O)(=O)NC(=O)c2ccc(N3CC[NH+](CC4=C(c5ccc(Cl)cc5)CCC(C)(C)C4)CC3)cc2)cc1S(=O)(=O)C(F)(F)F,O=C1CC[C@H](N2C(=O)c3ccccc3C2=O)C(=O)N1,C[NH2+]CC[C@H](CSc1ccccc1)Nc1ccc(S(=O)(=O)NC(=O)c2ccc(N3CC[NH+](CC4=C(c5ccc(Cl)cc5)CCC(C)(C)C4)CC3)cc2)cc1S(=O)(=O)C(F)(F)F
crbn-bclxl,669,C[N@@H+](CCOCCOCCNc1cccc2c1C(=O)N([C@@H]1CCC(=O)NC1=O)C2=O)CC[C@H](CSc1ccccc1)Nc1ccc(S(=O)(=O)NC(=O)c2ccc(N3CC[NH+](CC4=C(c5ccc(Cl)cc5)CCC(C)(C)C4)CC3)cc2)cc1S(=O)(=O)C(F)(F)F,O=C1CC[C@H](N2C(=O)c3ccccc3C2=O)C(=O)N1,C[NH2+]CC[C@H](CSc1ccccc1)Nc1ccc(S(=O)(=O)NC(=O)c2ccc(N3CC[NH+](CC4=C(c5ccc(Cl)cc5)CCC(C)(C)C4)CC3)cc2)cc1S(=O)(=O)C(F)(F)F
crbn-bclxl,670,C[N@H+](CCOCCOCCOCCNc1cccc2c1C(=O)N([C@@H]1CCC(=O)NC1=O)C2=O)CC[C@H](CSc1ccccc1)Nc1ccc(S(=O)(=O)NC(=O)c2ccc(N3CC[NH+](CC4=C(c5ccc(Cl)cc5)CCC(C)(C)C4)CC3)cc2)cc1S(=O)(=O)C(F)(F)F,O=C1CC[C@H](N2C(=O)c3ccccc3C2=O)C(=O)N1,C[NH2+]CC[C@H](CSc1ccccc1)Nc1ccc(S(=O)(=O)NC(=O)c2ccc(N3CC[NH+](CC4=C(c5ccc(Cl)cc5)CCC(C)(C)C4)CC3)cc2)cc1S(=O)(=O)C(F)(F)F
crbn-bclxl,671,C[N@@H+](CCOCCOCCOCCOCCNc1cccc2c1C(=O)N([C@@H]1CCC(=O)NC1=O)C2=O)CC[C@H](CSc1ccccc1)Nc1ccc(S(=O)(=O)NC(=O)c2ccc(N3CC[NH+](CC4=C(c5ccc(Cl)cc5)CCC(C)(C)C4)CC3)cc2)cc1S(=O)(=O)C(F)(F)F,O=C1CC[C@H](N2C(=O)c3ccccc3C2=O)C(=O)N1,C[NH2+]CC[C@H](CSc1ccccc1)Nc1ccc(S(=O)(=O)NC(=O)c2ccc(N3CC[NH+](CC4=C(c5ccc(Cl)cc5)CCC(C)(C)C4)CC3)cc2)cc1S(=O)(=O)C(F)(F)F
crbn-brd4bd1,dBET01,Cc1sc2c(c1C)C(c1ccc(Cl)cc1)=[NH+][C@@H](CC(=O)NCCCCNC(=O)COc1cccc3c1C(=O)N([C@@H]1CCC(=O)NC1=O)C3=O)c1nnc(C)n1-2,O=C1CC[C@H](N2C(=O)c3ccccc3C2=O)C(=O)N1,Cc1sc2c(c1C)C(c1ccc(Cl)cc1)=[NH+]Cc1nnc(C)n1-2
crbn-brd4bd1,dBET06,Cc1sc2c(c1C)C(c1ccc(Cl)cc1)=[NH+][C@@H](CC(=O)NCCCCCCCCNC(=O)COc1cccc3c1C(=O)N([C@@H]1CCC(=O)NC1=O)C3=O)c1nnc(C)n1-2,O=C1CC[C@H](N2C(=O)c3ccccc3C2=O)C(=O)N1,Cc1sc2c(c1C)C(c1ccc(Cl)cc1)=[NH+]Cc1nnc(C)n1-2
crbn-brd4bd1,dBET23,COC(=O)C[C@@H]1[NH+]=C(c2ccc(Cl)cc2)c2c(sc(C(=O)NCCCCCCCCNC(=O)COc3cccc4c3C(=O)N([C@@H]3CCC(=O)NC3=O)C4=O)c2C)-n2c(C)nnc21,O=C1CC[C@H](N2C(=O)c3ccccc3C2=O)C(=O)N1,COC(=O)C[C@@H]1[NH+]=C(c2ccc(Cl)cc2)c2c(C)csc2-n2c(C)nnc21
crbn-brd4bd1,dBET57,Cc1sc2c(c1C)C(c1ccc(Cl)cc1)=N[C@@H](CC(=O)NCCNc1cccc3c1C(=O)N([C@@H]1CCC(=O)NC1=O)C3=O)c1nnc(C)n1-2,O=C1CC[C@H](N2C(=O)c3ccccc3C2=O)C(=O)N1,Cc1sc2c(c1C)C(c1ccc(Cl)cc1)=[NH+]Cc1nnc(C)n1-2
crbn-brd4bd1,dBET70,Cc1sc2c(c1C)C(c1ccc(Cl)cc1)=[NH+][C@@H](CC(=O)NCCCCCCCCNc1cccc3c1C(=O)N([C@@H]1CCC(=O)NC1=O)C3=O)c1nnc(C)n1-2,O=C1CC[C@H](N2C(=O)c3ccccc3C2=O)C(=O)N1,Cc1sc2c(c1C)C(c1ccc(Cl)cc1)=[NH+]Cc1nnc(C)n1-2
crbn-brd4bd1,ZXH-3-26,Cc1sc2c(c1C)C(c1ccc(Cl)cc1)=[NH+][C@@H](CC(=O)NCCCCCNc1cccc3c1C(=O)N([C@@H]1CCC(=O)NC1=O)C3=O)c1nnc(C)n1-2,O=C1CC[C@H](N2C(=O)c3ccccc3C2=O)C(=O)N1,Cc1sc2c(c1C)C(c1ccc(Cl)cc1)=[NH+]Cc1nnc(C)n1-2
crbn-smarca2,3101,Nc1nnc(-c2ccccc2O)cc1N1CCN(c2cccc(C[NH+]3CCN(C(=O)C4CCN(c5ccc6c(c5)C(=O)N([C@@H]5CCC(=O)NC5=O)C6=O)CC4)CC3)c2)C2(CC2)C1,O=C1CC[C@H](N2C(=O)c3ccccc3C2=O)C(=O)N1,Nc1cc(-c2ccccc2O)nnc1N
crbn-smarca2,3102,Nc1nnc(-c2ccccc2O)cc1N1C[C@H]2CC[C@@H](C1)N2c1cccc(OCCN2CC[NH+](CC3CCN(c4ccc5c(c4)C(=O)N([C@@H]4CCC(=O)NC4=O)C5=O)CC3)CC2)c1,O=C1CC[C@H](N2C(=O)c3ccccc3C2=O)C(=O)N1,Nc1cc(-c2ccccc2O)nnc1N
crbn-smarca2,3103,Nc1nnc(-c2ccccc2O)cc1N1C[C@H]2CC[C@@H](C1)N2c1cccc(OCCN2CC[NH+](CCCC3CCN(c4ccc5c(c4)C(=O)N([C@@H]4CCC(=O)NC4=O)C5=O)CC3)CC2)c1,O=C1CC[C@H](N2C(=O)c3ccccc3C2=O)C(=O)N1,Nc1cc(-c2ccccc2O)nnc1N
crbn-smarca2,3104,Nc1nnc(-c2ccccc2O)cc1N1CC(Oc2cccc(CN3CCN(C(=O)C[N@H+]4CC[C@H](c5ccc(N[C@@H]6CCC(=O)NC6=O)cc5)CC4)CC3)c2)C1,O=C1CC[C@@H](Nc2ccccc2)C(=O)N1,Nc1cc(-c2ccccc2O)nnc1N
crbn-smarca2,3105,Nc1nnc(-c2cc(F)ccc2O)cc1N1C[C@H]2CC[C@@H](C1)N2c1cccc(C[NH+]2CCN(C(=O)C3CCN(c4ccc5c(c4)C(=O)N([C@@H]4CCC(=O)NC4=O)C5=O)CC3)CC2)c1,O=C1CC[C@H](N2C(=O)c3ccccc3C2=O)C(=O)N1,Nc1cc(-c2cc(F)ccc2O)nnc1N
crbn-smarca2,3106,Nc1nnc(-c2ccccc2O)cc1N1CCC(C(=O)N2CCC(C(=O)N3CCN(c4ccc([C@H]5CCC(=O)NC5=O)cc4)CC3)CC2)(c2ccccc2)CC1,O=C1CC[C@H](c2ccccc2)C(=O)N1,Nc1cc(-c2ccccc2O)nnc1N
vhl-egfr-L858R-T790M,576,C=CC(=O)Nc1cccc(-n2c(=O)cc(C)c3cnc(Nc4ccc(N5CCN(C(=O)CCCCCCCCCCC(=O)N[C@H](C(=O)N6C[C@H](O)C[C@H]6C(=O)NCc6ccc(-c7scnc7C)cc6)C(C)(C)C)CC5)cc4OC)nc32)c1,Cc1ncsc1-c1ccc(CNC(=O)[C@@H]2C[C@@H](O)CN2C(=O)[C@@H](NC=O)C(C)(C)C)cc1,C=CC(=O)Nc1cccc(-n2c(=O)cc(C)c3cnc(Nc4ccccc4OC)nc32)c1
vhl-egfr-L858R-T790M,577,C=CC(=O)Nc1cccc(-n2c(=O)cc(C)c3cnc(Nc4ccc(N5CC[NH+](CCCCCCCCCCCC(=O)N[C@H](C(=O)N6C[C@H](O)C[C@H]6C(=O)NCc6ccc(-c7scnc7C)cc6)C(C)(C)C)CC5)cc4OC)nc32)c1,Cc1ncsc1-c1ccc(CNC(=O)[C@@H]2C[C@@H](O)CN2C(=O)[C@@H](NC=O)C(C)(C)C)cc1,C=CC(=O)Nc1cccc(-n2c(=O)cc(C)c3cnc(Nc4ccccc4OC)nc32)c1
vhl-egfr-L858R-T790M,581,C=CC(=O)Nc1cccc(-n2c(=O)cc(C)c3cnc(Nc4ccc(N5CCN(C(=O)CCCCCCCCC(=O)N[C@H](C(=O)N6C[C@H](O)C[C@H]6C(=O)NCc6ccc(-c7scnc7C)cc6)C(C)(C)C)CC5)cc4OC)nc32)c1,Cc1ncsc1-c1ccc(CNC(=O)[C@@H]2C[C@@H](O)CN2C(=O)[C@@H](NC=O)C(C)(C)C)cc1,C=CC(=O)Nc1cccc(-n2c(=O)cc(C)c3cnc(Nc4ccccc4OC)nc32)c1
vhl-egfr-L858R-T790M,582,C=CC(=O)Nc1cccc(-n2c(=O)cc(C)c3cnc(Nc4ccc(N5CCN(C(=O)CCCCCCC(=O)N[C@H](C(=O)N6C[C@H](O)C[C@H]6C(=O)NCc6ccc(-c7scnc7C)cc6)C(C)(C)C)CC5)cc4OC)nc32)c1,Cc1ncsc1-c1ccc(CNC(=O)[C@@H]2C[C@@H](O)CN2C(=O)[C@@H](NC=O)C(C)(C)C)cc1,C=CC(=O)Nc1cccc(-n2c(=O)cc(C)c3cnc(Nc4ccccc4OC)nc32)c1
vhl-egfr-L858R-T790M,583,C=CC(=O)Nc1cccc(-n2c(=O)cc(C)c3cnc(Nc4ccc(N5CCN(C(=O)CCCCC(=O)N[C@H](C(=O)N6C[C@H](O)C[C@H]6C(=O)NCc6ccc(-c7scnc7C)cc6)C(C)(C)C)CC5)cc4OC)nc32)c1,Cc1ncsc1-c1ccc(CNC(=O)[C@@H]2C[C@@H](O)CN2C(=O)[C@@H](NC=O)C(C)(C)C)cc1,C=CC(=O)Nc1cccc(-n2c(=O)cc(C)c3cnc(Nc4ccccc4OC)nc32)c1
vhl-egfr-L858R-T790M,584,C=CC(=O)Nc1cccc(-n2c(=O)cc(C)c3cnc(Nc4ccc(N5CC[NH+](CCCCCCCCCC(=O)N[C@H](C(=O)N6C[C@H](O)C[C@H]6C(=O)NCc6ccc(-c7scnc7C)cc6)C(C)(C)C)CC5)cc4OC)nc32)c1,Cc1ncsc1-c1ccc(CNC(=O)[C@@H]2C[C@@H](O)CN2C(=O)[C@@H](NC=O)C(C)(C)C)cc1,C=CC(=O)Nc1cccc(-n2c(=O)cc(C)c3cnc(Nc4ccccc4OC)nc32)c1
vhl-egfr-L858R-T790M,585,C=CC(=O)Nc1cccc(-n2c(=O)cc(C)c3cnc(Nc4ccc(N5CC[NH+](CCCCCCCC(=O)N[C@H](C(=O)N6C[C@H](O)C[C@H]6C(=O)NCc6ccc(-c7scnc7C)cc6)C(C)(C)C)CC5)cc4OC)nc32)c1,Cc1ncsc1-c1ccc(CNC(=O)[C@@H]2C[C@@H](O)CN2C(=O)[C@@H](NC=O)C(C)(C)C)cc1,C=CC(=O)Nc1cccc(-n2c(=O)cc(C)c3cnc(Nc4ccccc4OC)nc32)c1
vhl-egfr-L858R-T790M,586,C=CC(=O)Nc1cccc(-n2c(=O)cc(C)c3cnc(Nc4ccc(N5CC[NH+](CCCCCC(=O)N[C@H](C(=O)N6C[C@H](O)C[C@H]6C(=O)NCc6ccc(-c7scnc7C)cc6)C(C)(C)C)CC5)cc4OC)nc32)c1,Cc1ncsc1-c1ccc(CNC(=O)[C@@H]2C[C@@H](O)CN2C(=O)[C@@H](NC=O)C(C)(C)C)cc1,C=CC(=O)Nc1cccc(-n2c(=O)cc(C)c3cnc(Nc4ccccc4OC)nc32)c1
vhl-egfr-L858R-T790M,587,C=CC(=O)Nc1cccc(-n2c(=O)cc(C)c3cnc(Nc4ccc(N5CC[NH+](CCCC(=O)N[C@H](C(=O)N6C[C@H](O)C[C@H]6C(=O)NCc6ccc(-c7scnc7C)cc6)C(C)(C)C)CC5)cc4OC)nc32)c1,Cc1ncsc1-c1ccc(CNC(=O)[C@@H]2C[C@@H](O)CN2C(=O)[C@@H](NC=O)C(C)(C)C)cc1,C=CC(=O)Nc1cccc(-n2c(=O)cc(C)c3cnc(Nc4ccccc4OC)nc32)c1
crbn-hdac8,3193,O=C1CC[C@@H](N2C(=O)c3cccc(NCCCCCCCCCCCNC(=O)c4ccc(SCc5cn(-c6cccc(C(=O)N[O-])c6)nn5)cc4)c3C2=O)C(=O)N1,O=C1CC[C@H](N2C(=O)c3ccccc3C2=O)C(=O)N1,O=C(NO)c1cccc(-n2cc(CSc3ccccc3)nn2)c1
crbn-hdac8,4033,COc1ccc(C(=O)[O-])cc1OCc1ccc(C(=O)NCCNc2cccc3c2C(=O)N([C@@H]2CCC(=O)NC2=O)C3=O)cc1,O=C1CC[C@H](N2C(=O)c3ccccc3C2=O)C(=O)N1,COc1ccc(C(=O)[O-])cc1OCc1ccccc1
crbn-hdac8,4034,COc1ccc(C(=O)[O-])cc1OCc1ccc(C(=O)NCCCCNc2cccc3c2C(=O)N([C@@H]2CCC(=O)NC2=O)C3=O)cc1,O=C1CC[C@H](N2C(=O)c3ccccc3C2=O)C(=O)N1,COc1ccc(C(=O)[O-])cc1OCc1ccccc1
crbn-hdac8,4035,COc1ccc(C(=O)[O-])cc1OCc1ccc(C(=O)NCCCCCCNc2cccc3c2C(=O)N([C@@H]2CCC(=O)NC2=O)C3=O)cc1,O=C1CC[C@H](N2C(=O)c3ccccc3C2=O)C(=O)N1,COc1ccc(C(=O)[O-])cc1OCc1ccccc1
crbn-hdac8,4036,COc1ccc(C(=O)[O-])cc1OCc1ccc(C(=O)NCCCCCCCCNc2cccc3c2C(=O)N([C@@H]2CCC(=O)NC2=O)C3=O)cc1,O=C1CC[C@H](N2C(=O)c3ccccc3C2=O)C(=O)N1,COc1ccc(C(=O)[O-])cc1OCc1ccccc1
crbn-hdac8,4600,O=C1CC[C@@H](N2C(=O)c3cccc(NCc4cn(CCCOc5ccc(Cn6ccc7ccc(C(=O)N[O-])cc76)cc5)nn4)c3C2=O)C(=O)N1,O=C1CC[C@H](N2C(=O)c3ccccc3C2=O)C(=O)N1,O=C(NO)c1ccc2ccn(Cc3ccccc3)c2c1
crbn-hdac8,4601,O=C1CC[C@@H](N2C(=O)c3cccc(NCc4cn(CCCCOc5ccc(Cn6ccc7ccc(C(=O)N[O-])cc76)cc5)nn4)c3C2=O)C(=O)N1,O=C1CC[C@H](N2C(=O)c3ccccc3C2=O)C(=O)N1,O=C(NO)c1ccc2ccn(Cc3ccccc3)c2c1
crbn-hdac8,4602,O=C1CC[C@@H](N2C(=O)c3cccc(NCc4cn(CCCCCOc5ccc(Cn6ccc7ccc(C(=O)N[O-])cc76)cc5)nn4)c3C2=O)C(=O)N1,O=C1CC[C@H](N2C(=O)c3ccccc3C2=O)C(=O)N1,O=C(NO)c1ccc2ccn(Cc3ccccc3)c2c1
crbn-hdac8,4603,O=C1CC[C@@H](N2C(=O)c3cccc(NCc4cn(CCCCCCOc5ccc(Cn6ccc7ccc(C(=O)N[O-])cc76)cc5)nn4)c3C2=O)C(=O)N1,O=C1CC[C@H](N2C(=O)c3ccccc3C2=O)C(=O)N1,O=C(NO)c1ccc2ccn(Cc3ccccc3)c2c1
crbn-hdac8,4604,O=C1CC[C@@H](N2C(=O)c3cccc(NCc4cn(CCOCCOc5ccc(Cn6ccc7ccc(C(=O)N[O-])cc76)cc5)nn4)c3C2=O)C(=O)N1,O=C1CC[C@H](N2C(=O)c3ccccc3C2=O)C(=O)N1,O=C(NO)c1ccc2ccn(Cc3ccccc3)c2c1
crbn-hdac8,4605,O=C1CC[C@@H](N2C(=O)c3cccc(NCc4cn(CCOCCOCCOc5ccc(Cn6ccc7ccc(C(=O)N[O-])cc76)cc5)nn4)c3C2=O)C(=O)N1,O=C1CC[C@H](N2C(=O)c3ccccc3C2=O)C(=O)N1,O=C(NO)c1ccc2ccn(Cc3ccccc3)c2c1
crbn-hdac8,4606,O=C1CC[C@@H](N2C(=O)c3cccc(NCc4cn(CCOCCOCCOCCOc5ccc(Cn6ccc7ccc(C(=O)N[O-])cc76)cc5)nn4)c3C2=O)C(=O)N1,O=C1CC[C@H](N2C(=O)c3ccccc3C2=O)C(=O)N1,O=C(NO)c1ccc2ccn(Cc3ccccc3)c2c1
crbn-hdac8,4607,O=C1CC[C@@H](N2C(=O)c3cccc(NCc4cn(CCOCCOCCOCCOCCOc5ccc(Cn6ccc7ccc(C(=O)N[O-])cc76)cc5)nn4)c3C2=O)C(=O)N1,O=C1CC[C@H](N2C(=O)c3ccccc3C2=O)C(=O)N1,O=C(NO)c1ccc2ccn(Cc3ccccc3)c2c1
crbn-hdac8,4608,O=C1CC[C@@H](N2C(=O)c3cccc(NCCc4cn(CCCCCOc5ccc(Cn6ccc7ccc(C(=O)N[O-])cc76)cc5)nn4)c3C2=O)C(=O)N1,O=C1CC[C@H](N2C(=O)c3ccccc3C2=O)C(=O)N1,O=C(NO)c1ccc2ccn(Cc3ccccc3)c2c1
crbn-hdac8,4609,O=C1CC[C@@H](N2C(=O)c3cccc(NCCc4cn(CCOCCOc5ccc(Cn6ccc7ccc(C(=O)N[O-])cc76)cc5)nn4)c3C2=O)C(=O)N1,O=C1CC[C@H](N2C(=O)c3ccccc3C2=O)C(=O)N1,O=C(NO)c1ccc2ccn(Cc3ccccc3)c2c1
crbn-hdac8,5394,O=C(CCCCOc1ccc(CCNC(=O)c2cccc(C(=O)N[O-])c2)cc1)NCCCCCCNc1cccc2c1C(=O)N([C@@H]1CCC(=O)NC1=O)C2=O,O=C1CC[C@H](N2C(=O)c3ccccc3C2=O)C(=O)N1,O=C(NO)c1cccc(C(=O)NCCc2ccccc2)c1
crbn-hdac8,5402,O=C1CC[C@@H](N2C(=O)c3cccc(N4CCC(N5CCN(C(=O)CCCCOc6ccc(CCNC(=O)c7cccc(C(=O)N[O-])c7)cc6)CC5)CC4)c3C2=O)C(=O)N1,O=C1CC[C@H](N2C(=O)c3ccccc3C2=O)C(=O)N1,O=C(NO)c1cccc(C(=O)NCCc2ccccc2)c1
crbn-hdac8,5406,O=C(CCCCOc1ccc(CCNC(=O)c2cccc(C(=O)N[O-])c2)cc1)NCCCCCCNc1ccc2c(c1)C(=O)N([C@@H]1CCC(=O)NC1=O)C2=O,O=C1CC[C@H](N2C(=O)c3ccccc3C2=O)C(=O)N1,O=C(NO)c1cccc(C(=O)NCCc2ccccc2)c1
vhl-smarca4,796,Cc1ncsc1-c1ccc(CNC(=O)[C@@H]2C[C@@H](O)CN2C(=O)[C@@H](NC(=O)C2(F)CC2)C(C)(C)C)c(OCCOCCOCC[NH+]2CCN(c3cc(-c4ccccc4O)nnc3N)CC2)c1,Cc1ncsc1-c1ccc(CNC(=O)[C@@H]2C[C@@H](O)CN2C(=O)[C@@H](NC(=O)C2(F)CC2)C(C)(C)C)cc1,Nc1nnc(-c2ccccc2O)cc1N1CC[NH2+]CC1
vhl-smarca4,797,Cc1ncsc1-c1ccc(CNC(=O)[C@@H]2C[C@@H](O)CN2C(=O)[C@@H](NC(=O)C2(F)CC2)C(C)(C)C)c(OCCc2ccc(C[NH+]3CCN(c4cc(-c5ccccc5O)nnc4N)CC3)cc2)c1,Cc1ncsc1-c1ccc(CNC(=O)[C@@H]2C[C@@H](O)CN2C(=O)[C@@H](NC(=O)C2(F)CC2)C(C)(C)C)cc1,Nc1nnc(-c2ccccc2O)cc1N1CC[NH2+]CC1
vhl-smarca4,798,Cc1ncsc1-c1ccc(CNC(=O)[C@@H]2C[C@@H](O)CN2C(=O)[C@@H](NC(=O)C2(F)CC2)C(C)(C)C)c(OCCOc2ccc(C[NH+]3CCN(c4cc(-c5ccccc5O)nnc4N)CC3)cc2)c1,Cc1ncsc1-c1ccc(CNC(=O)[C@@H]2C[C@@H](O)CN2C(=O)[C@@H](NC(=O)C2(F)CC2)C(C)(C)C)cc1,Nc1nnc(-c2ccccc2O)cc1N1CC[NH2+]CC1
vhl-smarca4,p1,Cc1ncsc1-c1ccc(CNC(=O)[C@@H]2C[C@@H](O)CN2C(=O)[C@@H](NC(=O)C2(F)CC2)C(C)(C)C)c(OCCCCCCC[NH+]2CCN(c3cc(-c4ccccc4O)nnc3N)CC2)c1,Cc1ncsc1-c1ccc(CNC(=O)[C@@H]2C[C@@H](O)CN2C(=O)[C@@H](NC(=O)C2(F)CC2)C(C)(C)C)cc1,Nc1nnc(-c2ccccc2O)cc1N1CC[NH2+]CC1
vhl-smarca4,p2,Cc1ncsc1-c1ccc(CNC(=O)[C@@H]2C[C@@H](O)CN2C(=O)[C@@H](NC(=O)C2(F)CC2)C(C)(C)C)c(OCCc2ccc(C[NH+]3CCN(c4cc(-c5ccccc5O)nnc4N)CC3)cc2)c1,Cc1ncsc1-c1ccc(CNC(=O)[C@@H]2C[C@@H](O)CN2C(=O)[C@@H](NC(=O)C2(F)CC2)C(C)(C)C)cc1,Nc1nnc(-c2ccccc2O)cc1N1CC[NH2+]CC1
vhl-smarca4,p3,Cc1ncsc1-c1ccc(CNC(=O)[C@@H]2C[C@@H](O)CN2C(=O)[C@@H](NC(=O)C2(F)CC2)C(C)(C)C)c(OCCCOCC[NH+]2CCN(c3cc(-c4ccccc4O)nnc3N)CC2)c1,Cc1ncsc1-c1ccc(CNC(=O)[C@@H]2C[C@@H](O)CN2C(=O)[C@@H](NC(=O)C2(F)CC2)C(C)(C)C)cc1,Nc1nnc(-c2ccccc2O)cc1N1CC[NH2+]CC1
vhl-smarca4,p4,Cc1ncsc1-c1ccc(CNC(=O)[C@@H]2C[C@@H](O)CN2C(=O)[C@@H](NC(=O)C2(F)CC2)C(C)(C)C)c(OCCCCOCC[NH+]2CCN(c3cc(-c4ccccc4O)nnc3N)CC2)c1,Cc1ncsc1-c1ccc(CNC(=O)[C@@H]2C[C@@H](O)CN2C(=O)[C@@H](NC(=O)C2(F)CC2)C(C)(C)C)cc1,Nc1nnc(-c2ccccc2O)cc1N1CC[NH2+]CC1
vhl-smarca4,p5,Cc1ncsc1-c1ccc(CNC(=O)[C@@H]2C[C@@H](O)CN2C(=O)[C@@H](NC(=O)C2(F)CC2)C(C)(C)C)c(OCCOCCOCC[NH+]2CCN(c3cc(-c4ccccc4O)nnc3N)CC2)c1,Cc1ncsc1-c1ccc(CNC(=O)[C@@H]2C[C@@H](O)CN2C(=O)[C@@H](NC(=O)C2(F)CC2)C(C)(C)C)cc1,Nc1nnc(-c2ccccc2O)cc1N1CC[NH2+]CC1
vhl-smarca4,p6,Cc1ncsc1-c1ccc(CNC(=O)[C@@H]2C[C@@H](O)CN2C(=O)[C@@H](NC(=O)C2(F)CC2)C(C)(C)C)c(OCCCCCCCOCC[NH+]2CCN(c3cc(-c4ccccc4O)nnc3N)CC2)c1,Cc1ncsc1-c1ccc(CNC(=O)[C@@H]2C[C@@H](O)CN2C(=O)[C@@H](NC(=O)C2(F)CC2)C(C)(C)C)cc1,Nc1nnc(-c2ccccc2O)cc1N1CC[NH2+]CC1
vhl-smarca4,p7,Cc1ncsc1-c1ccc(CNC(=O)[C@@H]2C[C@@H](O)CN2C(=O)[C@@H](NC(=O)C2(F)CC2)C(C)(C)C)c(OCCOc2ccc(C[NH+]3CCN(c4cc(-c5ccccc5O)nnc4N)CC3)cc2)c1,Cc1ncsc1-c1ccc(CNC(=O)[C@@H]2C[C@@H](O)CN2C(=O)[C@@H](NC(=O)C2(F)CC2)C(C)(C)C)cc1,Nc1nnc(-c2ccccc2O)cc1N1CC[NH2+]CC1
vhl-smarca4,p8,Cc1ncsc1-c1ccc(CNC(=O)[C@@H]2C[C@@H](O)CN2C(=O)[C@@H](NC(=O)C2(F)CC2)C(C)(C)C)c(OCc2ccc(C[NH+]3CCN(c4cc(-c5ccccc5O)nnc4N)CC3)cc2)c1,Cc1ncsc1-c1ccc(CNC(=O)[C@@H]2C[C@@H](O)CN2C(=O)[C@@H](NC(=O)C2(F)CC2)C(C)(C)C)cc1,Nc1nnc(-c2ccccc2O)cc1N1CC[NH2+]CC1
vhl-smarca4,p9,Cc1ncsc1-c1ccc(CNC(=O)[C@@H]2C[C@@H](O)CN2C(=O)[C@@H](NC(=O)C2(F)CC2)C(C)(C)C)c(OCCCCOc2ccc(C[NH+]3CCN(c4cc(-c5ccccc5O)nnc4N)CC3)cc2)c1,Cc1ncsc1-c1ccc(CNC(=O)[C@@H]2C[C@@H](O)CN2C(=O)[C@@H](NC(=O)C2(F)CC2)C(C)(C)C)cc1,Nc1nnc(-c2ccccc2O)cc1N1CC[NH2+]CC1
vhl-smarca4,p10,Cc1ncsc1-c1ccc(CNC(=O)[C@@H]2C[C@@H](O)CN2C(=O)[C@@H](NC(=O)C2(F)CC2)C(C)(C)C)c(OCCc2ccc(OCC[NH+]3CCN(c4cc(-c5ccccc5O)nnc4N)CC3)cc2)c1,Cc1ncsc1-c1ccc(CNC(=O)[C@@H]2C[C@@H](O)CN2C(=O)[C@@H](NC(=O)C2(F)CC2)C(C)(C)C)cc1,Nc1nnc(-c2ccccc2O)cc1N1CC[NH2+]CC1
vhl-smarca4,p11,Cc1ncsc1-c1ccc(CNC(=O)[C@@H]2C[C@@H](O)CN2C(=O)[C@@H](NC(=O)C2(F)CC2)C(C)(C)C)c(OCCCOc2ccc(C[NH+]3CCN(c4cc(-c5ccccc5O)nnc4N)CC3)cc2)c1,Cc1ncsc1-c1ccc(CNC(=O)[C@@H]2C[C@@H](O)CN2C(=O)[C@@H](NC(=O)C2(F)CC2)C(C)(C)C)cc1,Nc1nnc(-c2ccccc2O)cc1N1CC[NH2+]CC1
vhl-smarca4,p12,Cc1ncsc1-c1ccc(CNC(=O)[C@@H]2C[C@@H](O)CN2C(=O)[C@@H](NC(=O)C2(F)CC2)C(C)(C)C)c(OCc2ccc(CC[NH+]3CCN(c4cc(-c5ccccc5O)nnc4N)CC3)cc2)c1,Cc1ncsc1-c1ccc(CNC(=O)[C@@H]2C[C@@H](O)CN2C(=O)[C@@H](NC(=O)C2(F)CC2)C(C)(C)C)cc1,Nc1nnc(-c2ccccc2O)cc1N1CC[NH2+]CC1
vhl-smarca4,p13,Cc1ncsc1-c1ccc(CNC(=O)[C@@H]2C[C@@H](O)CN2C(=O)[C@@H](NC(=O)C2(F)CC2)C(C)(C)C)c(OCCc2cccc(C[NH+]3CCN(c4cc(-c5ccccc5O)nnc4N)CC3)c2)c1,Cc1ncsc1-c1ccc(CNC(=O)[C@@H]2C[C@@H](O)CN2C(=O)[C@@H](NC(=O)C2(F)CC2)C(C)(C)C)cc1,Nc1nnc(-c2ccccc2O)cc1N1CC[NH2+]CC1
vhl-smarca4,p14,Cc1ncsc1-c1ccc(CNC(=O)[C@@H]2C[C@@H](O)CN2C(=O)[C@@H](NC(=O)C2(F)CC2)C(C)(C)C)c(OCCCc2cccc(C[NH+]3CCN(c4cc(-c5ccccc5O)nnc4N)CC3)c2)c1,Cc1ncsc1-c1ccc(CNC(=O)[C@@H]2C[C@@H](O)CN2C(=O)[C@@H](NC(=O)C2(F)CC2)C(C)(C)C)cc1,Nc1nnc(-c2ccccc2O)cc1N1CC[NH2+]CC1
vhl-smarca4,p15,Cc1ncsc1-c1ccc(CNC(=O)[C@@H]2C[C@@H](O)CN2C(=O)[C@@H](NC(=O)C2(F)CC2)C(C)(C)C)c(OCCc2ccc(C[NH+]3CCN(c4cc(-c5ccccc5O)nnc4N)CC3)cc2F)c1,Cc1ncsc1-c1ccc(CNC(=O)[C@@H]2C[C@@H](O)CN2C(=O)[C@@H](NC(=O)C2(F)CC2)C(C)(C)C)cc1,Nc1nnc(-c2ccccc2O)cc1N1CC[NH2+]CC1
vhl-smarca4,p16,Cc1ncsc1-c1ccc(CNC(=O)[C@@H]2C[C@@H](O)CN2C(=O)[C@@H](NC(=O)C2(F)CC2)C(C)(C)C)c(OCCc2ccc(CN3CCN(c4cc(-c5ccccc5O)nnc4N)CC3)c(F)c2)c1,Cc1ncsc1-c1ccc(CNC(=O)[C@@H]2C[C@@H](O)CN2C(=O)[C@@H](NC(=O)C2(F)CC2)C(C)(C)C)cc1,Nc1nnc(-c2ccccc2O)cc1N1CC[NH2+]CC1
vhl-smarca4,p17,Cc1ncsc1-c1ccc(CNC(=O)[C@@H]2C[C@@H](O)CN2C(=O)[C@@H](NC(=O)C2(F)CC2)C(C)(C)C)c(OC[C@H](C)c2ccc(C[NH+]3CCN(c4cc(-c5ccccc5O)nnc4N)CC3)cc2)c1,Cc1ncsc1-c1ccc(CNC(=O)[C@@H]2C[C@@H](O)CN2C(=O)[C@@H](NC(=O)C2(F)CC2)C(C)(C)C)cc1,Nc1nnc(-c2ccccc2O)cc1N1CC[NH2+]CC1
vhl-smarca4,p18,Cc1ncsc1-c1ccc(CNC(=O)[C@@H]2C[C@@H](O)CN2C(=O)[C@@H](NC(=O)C2(F)CC2)C(C)(C)C)c(OCCc2ccc(C(=O)N3CCN(c4cc(-c5ccccc5O)nnc4N)CC3)cc2)c1,Cc1ncsc1-c1ccc(CNC(=O)[C@@H]2C[C@@H](O)CN2C(=O)[C@@H](NC(=O)C2(F)CC2)C(C)(C)C)cc1,Nc1nnc(-c2ccccc2O)cc1N1CC[NH2+]CC1
mdm2-egfr-L858R-T790M,574,C=CC(=O)Nc1cccc(-n2c(=O)cc(C)c3cnc(Nc4ccc(N5CCN(C(=O)CCCCCCCCCCCNC(=O)c6ccc(NC(=O)[C@@H]7N[C@@H](CC(C)(C)C)[C@](C#N)(c8ccc(Cl)cc8F)[C@H]7c7cccc(Cl)c7F)c(OC)c6)CC5)cc4OC)nc32)c1,COc1ccccc1NC(=O)[C@@H]1N[C@@H](CC(C)(C)C)[C@](C#N)(c2ccc(Cl)cc2F)[C@H]1c1cccc(Cl)c1F,C=CC(=O)Nc1cccc(-n2c(=O)cc(C)c3cnc(Nc4ccccc4OC)nc32)c1
mdm2-egfr-L858R-T790M,575,C=CC(=O)Nc1cccc(-n2c(=O)cc(C)c3cnc(Nc4ccc(N5CC[NH+](CCCCCCCCCCCCNC(=O)c6ccc(NC(=O)[C@@H]7N[C@@H](CC(C)(C)C)[C@](C#N)(c8ccc(Cl)cc8F)[C@H]7c7cccc(Cl)c7F)c(OC)c6)CC5)cc4OC)nc32)c1,COc1ccccc1NC(=O)[C@@H]1N[C@@H](CC(C)(C)C)[C@](C#N)(c2ccc(Cl)cc2F)[C@H]1c1cccc(Cl)c1F,C=CC(=O)Nc1cccc(-n2c(=O)cc(C)c3cnc(Nc4ccccc4OC)nc32)c1
mdm2-egfr-L858R-T790M,578,C=CC(=O)Nc1cccc(-n2c(=O)cc(C)c3cnc(Nc4ccc(N5CCN(C(=O)CCCCCCCCCNC(=O)c6ccc(NC(=O)[C@@H]7N[C@@H](CC(C)(C)C)[C@](C#N)(c8ccc(Cl)cc8F)[C@H]7c7cccc(Cl)c7F)c(OC)c6)CC5)cc4OC)nc32)c1,COc1ccccc1NC(=O)[C@@H]1N[C@@H](CC(C)(C)C)[C@](C#N)(c2ccc(Cl)cc2F)[C@H]1c1cccc(Cl)c1F,C=CC(=O)Nc1cccc(-n2c(=O)cc(C)c3cnc(Nc4ccccc4OC)nc32)c1
mdm2-egfr-L858R-T790M,579,C=CC(=O)Nc1cccc(-n2c(=O)cc(C)c3cnc(Nc4ccc(N5CCN(C(=O)CCCCCCCNC(=O)c6ccc(NC(=O)[C@@H]7N[C@@H](CC(C)(C)C)[C@](C#N)(c8ccc(Cl)cc8F)[C@H]7c7cccc(Cl)c7F)c(OC)c6)CC5)cc4OC)nc32)c1,COc1ccccc1NC(=O)[C@@H]1N[C@@H](CC(C)(C)C)[C@](C#N)(c2ccc(Cl)cc2F)[C@H]1c1cccc(Cl)c1F,C=CC(=O)Nc1cccc(-n2c(=O)cc(C)c3cnc(Nc4ccccc4OC)nc32)c1
mdm2-egfr-L858R-T790M,580,C=CC(=O)Nc1cccc(-n2c(=O)cc(C)c3cnc(Nc4ccc(N5CCN(C(=O)CCCCCNC(=O)c6ccc(NC(=O)[C@@H]7N[C@@H](CC(C)(C)C)[C@](C#N)(c8ccc(Cl)cc8F)[C@H]7c7cccc(Cl)c7F)c(OC)c6)CC5)cc4OC)nc32)c1,COc1ccccc1NC(=O)[C@@H]1N[C@@H](CC(C)(C)C)[C@](C#N)(c2ccc(Cl)cc2F)[C@H]1c1cccc(Cl)c1F,C=CC(=O)Nc1cccc(-n2c(=O)cc(C)c3cnc(Nc4ccccc4OC)nc32)c1
vhl-smarca2,796,Cc1ncsc1-c1ccc(CNC(=O)[C@@H]2C[C@@H](O)CN2C(=O)[C@@H](NC(=O)C2(F)CC2)C(C)(C)C)c(OCCOCCOCC[NH+]2CCN(c3cc(-c4ccccc4O)nnc3N)CC2)c1,Cc1ncsc1-c1ccc(CNC(=O)[C@@H]2C[C@@H](O)CN2C(=O)[C@@H](NC(=O)C2(F)CC2)C(C)(C)C)cc1,Nc1nnc(-c2ccccc2O)cc1N1CC[NH2+]CC1
vhl-smarca2,797,Cc1ncsc1-c1ccc(CNC(=O)[C@@H]2C[C@@H](O)CN2C(=O)[C@@H](NC(=O)C2(F)CC2)C(C)(C)C)c(OCCc2ccc(C[NH+]3CCN(c4cc(-c5ccccc5O)nnc4N)CC3)cc2)c1,Cc1ncsc1-c1ccc(CNC(=O)[C@@H]2C[C@@H](O)CN2C(=O)[C@@H](NC(=O)C2(F)CC2)C(C)(C)C)cc1,Nc1nnc(-c2ccccc2O)cc1N1CC[NH2+]CC1
vhl-smarca2,798,Cc1ncsc1-c1ccc(CNC(=O)[C@@H]2C[C@@H](O)CN2C(=O)[C@@H](NC(=O)C2(F)CC2)C(C)(C)C)c(OCCOc2ccc(C[NH+]3CCN(c4cc(-c5ccccc5O)nnc4N)CC3)cc2)c1,Cc1ncsc1-c1ccc(CNC(=O)[C@@H]2C[C@@H](O)CN2C(=O)[C@@H](NC(=O)C2(F)CC2)C(C)(C)C)cc1,Nc1nnc(-c2ccccc2O)cc1N1CC[NH2+]CC1
vhl-smarca2,p1,Cc1ncsc1-c1ccc(CNC(=O)[C@@H]2C[C@@H](O)CN2C(=O)[C@@H](NC(=O)C2(F)CC2)C(C)(C)C)c(OCCCCCCC[NH+]2CCN(c3cc(-c4ccccc4O)nnc3N)CC2)c1,Cc1ncsc1-c1ccc(CNC(=O)[C@@H]2C[C@@H](O)CN2C(=O)[C@@H](NC(=O)C2(F)CC2)C(C)(C)C)cc1,Nc1nnc(-c2ccccc2O)cc1N1CC[NH2+]CC1
vhl-smarca2,p2,Cc1ncsc1-c1ccc(CNC(=O)[C@@H]2C[C@@H](O)CN2C(=O)[C@@H](NC(=O)C2(F)CC2)C(C)(C)C)c(OCCc2ccc(C[NH+]3CCN(c4cc(-c5ccccc5O)nnc4N)CC3)cc2)c1,Cc1ncsc1-c1ccc(CNC(=O)[C@@H]2C[C@@H](O)CN2C(=O)[C@@H](NC(=O)C2(F)CC2)C(C)(C)C)cc1,Nc1nnc(-c2ccccc2O)cc1N1CC[NH2+]CC1
vhl-smarca2,p3,Cc1ncsc1-c1ccc(CNC(=O)[C@@H]2C[C@@H](O)CN2C(=O)[C@@H](NC(=O)C2(F)CC2)C(C)(C)C)c(OCCCOCC[NH+]2CCN(c3cc(-c4ccccc4O)nnc3N)CC2)c1,Cc1ncsc1-c1ccc(CNC(=O)[C@@H]2C[C@@H](O)CN2C(=O)[C@@H](NC(=O)C2(F)CC2)C(C)(C)C)cc1,Nc1nnc(-c2ccccc2O)cc1N1CC[NH2+]CC1
vhl-smarca2,p4,Cc1ncsc1-c1ccc(CNC(=O)[C@@H]2C[C@@H](O)CN2C(=O)[C@@H](NC(=O)C2(F)CC2)C(C)(C)C)c(OCCCCOCC[NH+]2CCN(c3cc(-c4ccccc4O)nnc3N)CC2)c1,Cc1ncsc1-c1ccc(CNC(=O)[C@@H]2C[C@@H](O)CN2C(=O)[C@@H](NC(=O)C2(F)CC2)C(C)(C)C)cc1,Nc1nnc(-c2ccccc2O)cc1N1CC[NH2+]CC1
vhl-smarca2,p5,Cc1ncsc1-c1ccc(CNC(=O)[C@@H]2C[C@@H](O)CN2C(=O)[C@@H](NC(=O)C2(F)CC2)C(C)(C)C)c(OCCOCCOCC[NH+]2CCN(c3cc(-c4ccccc4O)nnc3N)CC2)c1,Cc1ncsc1-c1ccc(CNC(=O)[C@@H]2C[C@@H](O)CN2C(=O)[C@@H](NC(=O)C2(F)CC2)C(C)(C)C)cc1,Nc1nnc(-c2ccccc2O)cc1N1CC[NH2+]CC1
vhl-smarca2,p6,Cc1ncsc1-c1ccc(CNC(=O)[C@@H]2C[C@@H](O)CN2C(=O)[C@@H](NC(=O)C2(F)CC2)C(C)(C)C)c(OCCCCCCCOCC[NH+]2CCN(c3cc(-c4ccccc4O)nnc3N)CC2)c1,Cc1ncsc1-c1ccc(CNC(=O)[C@@H]2C[C@@H](O)CN2C(=O)[C@@H](NC(=O)C2(F)CC2)C(C)(C)C)cc1,Nc1nnc(-c2ccccc2O)cc1N1CC[NH2+]CC1
vhl-smarca2,p7,Cc1ncsc1-c1ccc(CNC(=O)[C@@H]2C[C@@H](O)CN2C(=O)[C@@H](NC(=O)C2(F)CC2)C(C)(C)C)c(OCCOc2ccc(C[NH+]3CCN(c4cc(-c5ccccc5O)nnc4N)CC3)cc2)c1,Cc1ncsc1-c1ccc(CNC(=O)[C@@H]2C[C@@H](O)CN2C(=O)[C@@H](NC(=O)C2(F)CC2)C(C)(C)C)cc1,Nc1nnc(-c2ccccc2O)cc1N1CC[NH2+]CC1
vhl-smarca2,p8,Cc1ncsc1-c1ccc(CNC(=O)[C@@H]2C[C@@H](O)CN2C(=O)[C@@H](NC(=O)C2(F)CC2)C(C)(C)C)c(OCc2ccc(C[NH+]3CCN(c4cc(-c5ccccc5O)nnc4N)CC3)cc2)c1,Cc1ncsc1-c1ccc(CNC(=O)[C@@H]2C[C@@H](O)CN2C(=O)[C@@H](NC(=O)C2(F)CC2)C(C)(C)C)cc1,Nc1nnc(-c2ccccc2O)cc1N1CC[NH2+]CC1
vhl-smarca2,p9,Cc1ncsc1-c1ccc(CNC(=O)[C@@H]2C[C@@H](O)CN2C(=O)[C@@H](NC(=O)C2(F)CC2)C(C)(C)C)c(OCCCCOc2ccc(C[NH+]3CCN(c4cc(-c5ccccc5O)nnc4N)CC3)cc2)c1,Cc1ncsc1-c1ccc(CNC(=O)[C@@H]2C[C@@H](O)CN2C(=O)[C@@H](NC(=O)C2(F)CC2)C(C)(C)C)cc1,Nc1nnc(-c2ccccc2O)cc1N1CC[NH2+]CC1
vhl-smarca2,p10,Cc1ncsc1-c1ccc(CNC(=O)[C@@H]2C[C@@H](O)CN2C(=O)[C@@H](NC(=O)C2(F)CC2)C(C)(C)C)c(OCCc2ccc(OCC[NH+]3CCN(c4cc(-c5ccccc5O)nnc4N)CC3)cc2)c1,Cc1ncsc1-c1ccc(CNC(=O)[C@@H]2C[C@@H](O)CN2C(=O)[C@@H](NC(=O)C2(F)CC2)C(C)(C)C)cc1,Nc1nnc(-c2ccccc2O)cc1N1CC[NH2+]CC1
vhl-smarca2,p11,Cc1ncsc1-c1ccc(CNC(=O)[C@@H]2C[C@@H](O)CN2C(=O)[C@@H](NC(=O)C2(F)CC2)C(C)(C)C)c(OCCCOc2ccc(C[NH+]3CCN(c4cc(-c5ccccc5O)nnc4N)CC3)cc2)c1,Cc1ncsc1-c1ccc(CNC(=O)[C@@H]2C[C@@H](O)CN2C(=O)[C@@H](NC(=O)C2(F)CC2)C(C)(C)C)cc1,Nc1nnc(-c2ccccc2O)cc1N1CC[NH2+]CC1
vhl-smarca2,p12,Cc1ncsc1-c1ccc(CNC(=O)[C@@H]2C[C@@H](O)CN2C(=O)[C@@H](NC(=O)C2(F)CC2)C(C)(C)C)c(OCc2ccc(CC[NH+]3CCN(c4cc(-c5ccccc5O)nnc4N)CC3)cc2)c1,Cc1ncsc1-c1ccc(CNC(=O)[C@@H]2C[C@@H](O)CN2C(=O)[C@@H](NC(=O)C2(F)CC2)C(C)(C)C)cc1,Nc1nnc(-c2ccccc2O)cc1N1CC[NH2+]CC1
vhl-smarca2,p13,Cc1ncsc1-c1ccc(CNC(=O)[C@@H]2C[C@@H](O)CN2C(=O)[C@@H](NC(=O)C2(F)CC2)C(C)(C)C)c(OCCc2cccc(C[NH+]3CCN(c4cc(-c5ccccc5O)nnc4N)CC3)c2)c1,Cc1ncsc1-c1ccc(CNC(=O)[C@@H]2C[C@@H](O)CN2C(=O)[C@@H](NC(=O)C2(F)CC2)C(C)(C)C)cc1,Nc1nnc(-c2ccccc2O)cc1N1CC[NH2+]CC1
vhl-smarca2,p14,Cc1ncsc1-c1ccc(CNC(=O)[C@@H]2C[C@@H](O)CN2C(=O)[C@@H](NC(=O)C2(F)CC2)C(C)(C)C)c(OCCCc2cccc(C[NH+]3CCN(c4cc(-c5ccccc5O)nnc4N)CC3)c2)c1,Cc1ncsc1-c1ccc(CNC(=O)[C@@H]2C[C@@H](O)CN2C(=O)[C@@H](NC(=O)C2(F)CC2)C(C)(C)C)cc1,Nc1nnc(-c2ccccc2O)cc1N1CC[NH2+]CC1
vhl-smarca2,p15,Cc1ncsc1-c1ccc(CNC(=O)[C@@H]2C[C@@H](O)CN2C(=O)[C@@H](NC(=O)C2(F)CC2)C(C)(C)C)c(OCCc2ccc(C[NH+]3CCN(c4cc(-c5ccccc5O)nnc4N)CC3)cc2F)c1,Cc1ncsc1-c1ccc(CNC(=O)[C@@H]2C[C@@H](O)CN2C(=O)[C@@H](NC(=O)C2(F)CC2)C(C)(C)C)cc1,Nc1nnc(-c2ccccc2O)cc1N1CC[NH2+]CC1
vhl-smarca2,p16,Cc1ncsc1-c1ccc(CNC(=O)[C@@H]2C[C@@H](O)CN2C(=O)[C@@H](NC(=O)C2(F)CC2)C(C)(C)C)c(OCCc2ccc(CN3CCN(c4cc(-c5ccccc5O)nnc4N)CC3)c(F)c2)c1,Cc1ncsc1-c1ccc(CNC(=O)[C@@H]2C[C@@H](O)CN2C(=O)[C@@H](NC(=O)C2(F)CC2)C(C)(C)C)cc1,Nc1nnc(-c2ccccc2O)cc1N1CC[NH2+]CC1
vhl-smarca2,p17,Cc1ncsc1-c1ccc(CNC(=O)[C@@H]2C[C@@H](O)CN2C(=O)[C@@H](NC(=O)C2(F)CC2)C(C)(C)C)c(OC[C@H](C)c2ccc(C[NH+]3CCN(c4cc(-c5ccccc5O)nnc4N)CC3)cc2)c1,Cc1ncsc1-c1ccc(CNC(=O)[C@@H]2C[C@@H](O)CN2C(=O)[C@@H](NC(=O)C2(F)CC2)C(C)(C)C)cc1,Nc1nnc(-c2ccccc2O)cc1N1CC[NH2+]CC1
vhl-smarca2,p18,Cc1ncsc1-c1ccc(CNC(=O)[C@@H]2C[C@@H](O)CN2C(=O)[C@@H](NC(=O)C2(F)CC2)C(C)(C)C)c(OCCc2ccc(C(=O)N3CCN(c4cc(-c5ccccc5O)nnc4N)CC3)cc2)c1,Cc1ncsc1-c1ccc(CNC(=O)[C@@H]2C[C@@H](O)CN2C(=O)[C@@H](NC(=O)C2(F)CC2)C(C)(C)C)cc1,Nc1nnc(-c2ccccc2O)cc1N1CC[NH2+]CC1
crbn-cdk9,3566,O=C1CC[C@@H](N2C(=O)c3cccc(OCCCCCn4cc(CCCC[N@H+]5CC[C@H](NC(=O)c6n[nH]cc6NC(=O)c6c(Cl)cccc6Cl)CC5)nn4)c3C2=O)C(=O)N1,O=C1CC[C@H](N2C(=O)c3ccccc3C2=O)C(=O)N1,O=C(NC1CC[NH2+]CC1)c1n[nH]cc1NC(=O)c1c(Cl)cccc1Cl
crbn-cdk9,3567,O=C1CC[C@@H](N2C(=O)c3cccc(OCCCCn4cc(CCCC[N@H+]5CC[C@H](NC(=O)c6n[nH]cc6NC(=O)c6c(Cl)cccc6Cl)CC5)nn4)c3C2=O)C(=O)N1,O=C1CC[C@H](N2C(=O)c3ccccc3C2=O)C(=O)N1,O=C(NC1CC[NH2+]CC1)c1n[nH]cc1NC(=O)c1c(Cl)cccc1Cl
crbn-cdk9,3568,O=C1CC[C@@H](N2C(=O)c3cccc(OCCCCn4cc(CCCCC[N@H+]5CC[C@H](NC(=O)c6n[nH]cc6NC(=O)c6c(Cl)cccc6Cl)CC5)nn4)c3C2=O)C(=O)N1,O=C1CC[C@H](N2C(=O)c3ccccc3C2=O)C(=O)N1,O=C(NC1CC[NH2+]CC1)c1n[nH]cc1NC(=O)c1c(Cl)cccc1Cl
crbn-cdk9,3569,O=C1CC[C@@H](N2C(=O)c3cccc(OCCCCCCCCn4cc(CC[N@H+]5CC[C@H](NC(=O)c6n[nH]cc6NC(=O)c6c(Cl)cccc6Cl)CC5)nn4)c3C2=O)C(=O)N1,O=C1CC[C@H](N2C(=O)c3ccccc3C2=O)C(=O)N1,O=C(NC1CC[NH2+]CC1)c1n[nH]cc1NC(=O)c1c(Cl)cccc1Cl
crbn-cdk9,3570,O=C1CC[C@@H](N2C(=O)c3cccc(OCCCCCn4cc(CCCCC[N@H+]5CC[C@H](NC(=O)c6n[nH]cc6NC(=O)c6c(Cl)cccc6Cl)CC5)nn4)c3C2=O)C(=O)N1,O=C1CC[C@H](N2C(=O)c3ccccc3C2=O)C(=O)N1,O=C(NC1CC[NH2+]CC1)c1n[nH]cc1NC(=O)c1c(Cl)cccc1Cl
crbn-cdk9,3571,O=C1CC[C@@H](N2C(=O)c3cccc(OCCCCn4cc(CCCCCC[N@H+]5CC[C@H](NC(=O)c6n[nH]cc6NC(=O)c6c(Cl)cccc6Cl)CC5)nn4)c3C2=O)C(=O)N1,O=C1CC[C@H](N2C(=O)c3ccccc3C2=O)C(=O)N1,O=C(NC1CC[NH2+]CC1)c1n[nH]cc1NC(=O)c1c(Cl)cccc1Cl
crbn-cdk9,3572,O=C1CC[C@@H](N2C(=O)c3cccc(OCCCCCCCCn4cc(CCCCCC[N@H+]5CC[C@H](NC(=O)c6n[nH]cc6NC(=O)c6c(Cl)cccc6Cl)CC5)nn4)c3C2=O)C(=O)N1,O=C1CC[C@H](N2C(=O)c3ccccc3C2=O)C(=O)N1,O=C(NC1CC[NH2+]CC1)c1n[nH]cc1NC(=O)c1c(Cl)cccc1Cl
crbn-cdk9,3573,O=C1CC[C@@H](N2C(=O)c3cccc(OCCCCCCCn4cc(CCCCCCC[N@H+]5CC[C@H](NC(=O)c6n[nH]cc6NC(=O)c6c(Cl)cccc6Cl)CC5)nn4)c3C2=O)C(=O)N1,O=C1CC[C@H](N2C(=O)c3ccccc3C2=O)C(=O)N1,O=C(NC1CC[NH2+]CC1)c1n[nH]cc1NC(=O)c1c(Cl)cccc1Cl
crbn-cdk9,3574,O=C1CC[C@@H](N2C(=O)c3cccc(OCCCCn4cc(CCCCCCCCCC[N@H+]5CC[C@H](NC(=O)c6n[nH]cc6NC(=O)c6c(Cl)cccc6Cl)CC5)nn4)c3C2=O)C(=O)N1,O=C1CC[C@H](N2C(=O)c3ccccc3C2=O)C(=O)N1,O=C(NC1CC[NH2+]CC1)c1n[nH]cc1NC(=O)c1c(Cl)cccc1Cl
crbn-cdk9,3575,O=C1CC[C@@H](N2C(=O)c3cccc(OCCCCCCCn4cc(CCCCC[N@H+]5CC[C@H](NC(=O)c6n[nH]cc6NC(=O)c6c(Cl)cccc6Cl)CC5)nn4)c3C2=O)C(=O)N1,O=C1CC[C@H](N2C(=O)c3ccccc3C2=O)C(=O)N1,O=C(NC1CC[NH2+]CC1)c1n[nH]cc1NC(=O)c1c(Cl)cccc1Cl
crbn-brd4bd2,dBET01,Cc1sc2c(c1C)C(c1ccc(Cl)cc1)=[NH+][C@@H](CC(=O)NCCCCNC(=O)COc1cccc3c1C(=O)N([C@@H]1CCC(=O)NC1=O)C3=O)c1nnc(C)n1-2,O=C1CC[C@H](N2C(=O)c3ccccc3C2=O)C(=O)N1,Cc1nnc2n1[C@@H]1S[C@H](C)[C@H](C)[C@H]1C(c1ccc(Cl)cc1)=NC2
crbn-brd4bd2,dBET06,Cc1sc2c(c1C)C(c1ccc(Cl)cc1)=[NH+][C@@H](CC(=O)NCCCCCCCCNC(=O)COc1cccc3c1C(=O)N([C@@H]1CCC(=O)NC1=O)C3=O)c1nnc(C)n1-2,O=C1CC[C@H](N2C(=O)c3ccccc3C2=O)C(=O)N1,Cc1nnc2n1[C@@H]1S[C@H](C)[C@H](C)[C@H]1C(c1ccc(Cl)cc1)=NC2
crbn-brd4bd2,dBET23,COC(=O)C[C@@H]1[NH+]=C(c2ccc(Cl)cc2)c2c(sc(C(=O)NCCCCCCCCNC(=O)COc3cccc4c3C(=O)N([C@@H]3CCC(=O)NC3=O)C4=O)c2C)-n2c(C)nnc21,O=C1CC[C@H](N2C(=O)c3ccccc3C2=O)C(=O)N1,COC(=O)C[C@@H]1N=C(c2ccc(Cl)cc2)[C@H]2[C@@H](SC[C@@H]2C)n2c(C)nnc21
crbn-brd4bd2,dBET57,Cc1sc2c(c1C)C(c1ccc(Cl)cc1)=N[C@@H](CC(=O)NCCNc1cccc3c1C(=O)N([C@@H]1CCC(=O)NC1=O)C3=O)c1nnc(C)n1-2,O=C1CC[C@H](N2C(=O)c3ccccc3C2=O)C(=O)N1,Cc1nnc2n1[C@@H]1S[C@H](C)[C@H](C)[C@H]1C(c1ccc(Cl)cc1)=NC2
crbn-brd4bd2,dBET70,Cc1sc2c(c1C)C(c1ccc(Cl)cc1)=[NH+][C@@H](CC(=O)NCCCCCCCCNc1cccc3c1C(=O)N([C@@H]1CCC(=O)NC1=O)C3=O)c1nnc(C)n1-2,O=C1CC[C@H](N2C(=O)c3ccccc3C2=O)C(=O)N1,Cc1nnc2n1[C@@H]1S[C@H](C)[C@H](C)[C@H]1C(c1ccc(Cl)cc1)=NC2
crbn-brd4bd2,ZXH-3-26,Cc1sc2c(c1C)C(c1ccc(Cl)cc1)=[NH+][C@@H](CC(=O)NCCCCCNc1cccc3c1C(=O)N([C@@H]1CCC(=O)NC1=O)C3=O)c1nnc(C)n1-2,O=C1CC[C@H](N2C(=O)c3ccccc3C2=O)C(=O)N1,Cc1nnc2n1[C@@H]1S[C@H](C)[C@H](C)[C@H]1C(c1ccc(Cl)cc1)=NC2
vhl-fak1,265,Cc1ncsc1-c1ccc(CNC(=O)[C@@H]2C[C@@H](O)CN2C(=O)[C@@H](NC(=O)COCCOc2ccc(Nc3ncc(C(F)(F)F)c(NCc4cccc(N(C)S(C)(=O)=O)c4)n3)cc2)C(C)(C)C)cc1,Cc1ncsc1-c1ccc(CNC(=O)[C@@H]2C[C@@H](O)CN2C(=O)[C@@H](NC=O)C(C)(C)C)cc1,CN(c1cccc(CNc2nc(Nc3ccccc3)ncc2C(F)(F)F)c1)S(C)(=O)=O
vhl-fak1,266,Cc1ncsc1-c1ccc(CNC(=O)[C@@H]2C[C@@H](O)CN2C(=O)[C@@H](NC(=O)COCCCOc2ccc(Nc3ncc(C(F)(F)F)c(NCc4cccc(N(C)S(C)(=O)=O)c4)n3)cc2)C(C)(C)C)cc1,Cc1ncsc1-c1ccc(CNC(=O)[C@@H]2C[C@@H](O)CN2C(=O)[C@@H](NC=O)C(C)(C)C)cc1,CN(c1cccc(CNc2nc(Nc3ccccc3)ncc2C(F)(F)F)c1)S(C)(=O)=O
vhl-fak1,267,Cc1ncsc1-c1ccc(CNC(=O)[C@@H]2C[C@@H](O)CN2C(=O)[C@@H](NC(=O)CCOCCOc2ccc(Nc3ncc(C(F)(F)F)c(NCc4cccc(N(C)S(C)(=O)=O)c4)n3)cc2)C(C)(C)C)cc1,Cc1ncsc1-c1ccc(CNC(=O)[C@@H]2C[C@@H](O)CN2C(=O)[C@@H](NC=O)C(C)(C)C)cc1,CN(c1cccc(CNc2nc(Nc3ccccc3)ncc2C(F)(F)F)c1)S(C)(=O)=O
vhl-fak1,268,Cc1ncsc1-c1ccc(CNC(=O)[C@@H]2C[C@@H](O)CN2C(=O)[C@@H](NC(=O)CCOCCCOc2ccc(Nc3ncc(C(F)(F)F)c(NCc4cccc(N(C)S(C)(=O)=O)c4)n3)cc2)C(C)(C)C)cc1,Cc1ncsc1-c1ccc(CNC(=O)[C@@H]2C[C@@H](O)CN2C(=O)[C@@H](NC=O)C(C)(C)C)cc1,CN(c1cccc(CNc2nc(Nc3ccccc3)ncc2C(F)(F)F)c1)S(C)(=O)=O
vhl-fak1,269,Cc1ncsc1-c1ccc(CNC(=O)[C@@H]2C[C@@H](O)CN2C(=O)[C@@H](NC(=O)CCOCCOCCOc2ccc(Nc3ncc(C(F)(F)F)c(NCc4cccc(N(C)S(C)(=O)=O)c4)n3)cc2)C(C)(C)C)cc1,Cc1ncsc1-c1ccc(CNC(=O)[C@@H]2C[C@@H](O)CN2C(=O)[C@@H](NC=O)C(C)(C)C)cc1,CN(c1cccc(CNc2nc(Nc3ccccc3)ncc2C(F)(F)F)c1)S(C)(=O)=O
vhl-fak1,270,Cc1ncsc1-c1ccc(CNC(=O)[C@@H]2C[C@@H](O)CN2C(=O)[C@@H](NC(=O)CCOCCOCCOCCOCCOc2ccc(Nc3ncc(C(F)(F)F)c(NCc4cccc(N(C)S(C)(=O)=O)c4)n3)cc2)C(C)(C)C)cc1,Cc1ncsc1-c1ccc(CNC(=O)[C@@H]2C[C@@H](O)CN2C(=O)[C@@H](NC=O)C(C)(C)C)cc1,CN(c1cccc(CNc2nc(Nc3ccccc3)ncc2C(F)(F)F)c1)S(C)(=O)=O
vhl-fak1,2887,CNC(=O)c1ccccc1Nc1cc(Nc2ccc(N3CC[NH+](CCOCCOCCOCCOCC(=O)N[C@H](C(=O)N4C[C@H](O)C[C@H]4C(=O)N[C@@H](C)c4ccc(-c5scnc5C)cc4)C(C)(C)C)CC3)cc2OC)ncc1C(F)(F)F,Cc1ncsc1-c1ccc(CNC(=O)[C@@H]2C[C@@H](O)CN2C(=O)[C@@H](NC=O)C(C)(C)C)cc1,CNC(=O)c1ccccc1Nc1cc(Nc2ccccc2OC)ncc1C(F)(F)F
vhl-fak1,2888,CNC(=O)c1ccccc1Nc1cc(Nc2ccc(N3CC[NH+](CCCCCCCCCCC(=O)N[C@H](C(=O)N4C[C@H](O)C[C@H]4C(=O)N[C@@H](C)c4ccc(-c5scnc5C)cc4)C(C)(C)C)CC3)cc2OC)ncc1C(F)(F)F,Cc1ncsc1-c1ccc(CNC(=O)[C@@H]2C[C@@H](O)CN2C(=O)[C@@H](NC=O)C(C)(C)C)cc1,CNC(=O)c1ccccc1Nc1cc(Nc2ccccc2OC)ncc1C(F)(F)F
vhl-fak1,2889,CNC(=O)c1ccccc1Nc1cc(Nc2ccc(N3CC[NH+](CCOCCOCC(=O)N[C@H](C(=O)N4C[C@H](O)C[C@H]4C(=O)N[C@@H](C)c4ccc(-c5scnc5C)cc4)C(C)(C)C)CC3)cc2OC)ncc1C(F)(F)F,Cc1ncsc1-c1ccc(CNC(=O)[C@@H]2C[C@@H](O)CN2C(=O)[C@@H](NC=O)C(C)(C)C)cc1,CNC(=O)c1ccccc1Nc1cc(Nc2ccccc2OC)ncc1C(F)(F)F
vhl-fak1,2890,CNC(=O)c1ccccc1Nc1cc(Nc2ccc(N3CC[NH+](CCOCC(=O)N[C@H](C(=O)N4C[C@H](O)C[C@H]4C(=O)N[C@@H](C)c4ccc(-c5scnc5C)cc4)C(C)(C)C)CC3)cc2OC)ncc1C(F)(F)F,Cc1ncsc1-c1ccc(CNC(=O)[C@@H]2C[C@@H](O)CN2C(=O)[C@@H](NC=O)C(C)(C)C)cc1,CNC(=O)c1ccccc1Nc1cc(Nc2ccccc2OC)ncc1C(F)(F)F
vhl-fak1,2891,CNC(=O)c1ccccc1Nc1cc(Nc2ccc(N3CC[NH+](CCC(=O)N[C@H](C(=O)N4C[C@H](O)C[C@H]4C(=O)N[C@@H](C)c4ccc(-c5scnc5C)cc4)C(C)(C)C)CC3)cc2OC)ncc1C(F)(F)F,Cc1ncsc1-c1ccc(CNC(=O)[C@@H]2C[C@@H](O)CN2C(=O)[C@@H](NC=O)C(C)(C)C)cc1,CNC(=O)c1ccccc1Nc1cc(Nc2ccccc2OC)ncc1C(F)(F)F
vhl-fak1,2892,CNC(=O)c1ccccc1Nc1cc(Nc2ccc(N3CCN(CC(=O)N[C@H](C(=O)N4C[C@H](O)C[C@H]4C(=O)N[C@@H](C)c4ccc(-c5scnc5C)cc4)C(C)(C)C)CC3)cc2OC)ncc1C(F)(F)F,Cc1ncsc1-c1ccc(CNC(=O)[C@@H]2C[C@@H](O)CN2C(=O)[C@@H](NC=O)C(C)(C)C)cc1,CNC(=O)c1ccccc1Nc1cc(Nc2ccccc2OC)ncc1C(F)(F)F
vhl-bcl2,3213,Cc1ncsc1-c1ccc([C@H](C)NC(=O)[C@@H]2C[C@@H](O)CN2C(=O)[C@@H](NC(=O)CCCC(=O)N2CC[NH+](C[C@@]3(C)CCC(c4ccc(Cl)cc4)=C(C[NH+]4CCN(c5ccc(C(=O)NS(=O)(=O)c6ccc(N[C@H](CC[NH+]7CCOCC7)CSc7ccccc7)c(S(=O)(=O)C(F)(F)F)c6)cc5)CC4)C3)CC2)C(C)(C)C)cc1,Cc1ncsc1-c1ccc([C@H](C)NC(=O)[C@@H]2C[C@@H](O)CN2C(=O)[C@@H](NC=O)C(C)(C)C)cc1,C[C@]1(CN2CC[NH2+]CC2)CCC(c2ccc(Cl)cc2)=C(C[NH+]2CCN(c3ccc(C(=O)NS(=O)(=O)c4ccc(N[C@H](CC[NH+]5CCOCC5)CSc5ccccc5)c(S(=O)(=O)C(F)(F)F)c4)cc3)CC2)C1
vhl-bcl2,3214,Cc1ncsc1-c1ccc([C@H](C)NC(=O)[C@@H]2C[C@@H](O)CN2C(=O)[C@@H](NC(=O)CCCCC(=O)N2CC[NH+](C[C@@]3(C)CCC(c4ccc(Cl)cc4)=C(C[NH+]4CCN(c5ccc(C(=O)NS(=O)(=O)c6ccc(N[C@H](CC[NH+]7CCOCC7)CSc7ccccc7)c(S(=O)(=O)C(F)(F)F)c6)cc5)CC4)C3)CC2)C(C)(C)C)cc1,Cc1ncsc1-c1ccc([C@H](C)NC(=O)[C@@H]2C[C@@H](O)CN2C(=O)[C@@H](NC=O)C(C)(C)C)cc1,C[C@]1(CN2CC[NH2+]CC2)CCC(c2ccc(Cl)cc2)=C(C[NH+]2CCN(c3ccc(C(=O)NS(=O)(=O)c4ccc(N[C@H](CC[NH+]5CCOCC5)CSc5ccccc5)c(S(=O)(=O)C(F)(F)F)c4)cc3)CC2)C1
vhl-bcl2,3215,Cc1ncsc1-c1ccc([C@H](C)NC(=O)[C@@H]2C[C@@H](O)CN2C(=O)[C@@H](NC(=O)CCCCCC(=O)N2CC[NH+](C[C@]3(C)CCC(c4ccc(Cl)cc4)=C(C[NH+]4CCN(c5ccc(C(=O)NS(=O)(=O)c6ccc(N[C@H](CC[NH+]7CCOCC7)CSc7ccccc7)c(S(=O)(=O)C(F)(F)F)c6)cc5)CC4)C3)CC2)C(C)(C)C)cc1,Cc1ncsc1-c1ccc([C@H](C)NC(=O)[C@@H]2C[C@@H](O)CN2C(=O)[C@@H](NC=O)C(C)(C)C)cc1,C[C@]1(CN2CC[NH2+]CC2)CCC(c2ccc(Cl)cc2)=C(C[NH+]2CCN(c3ccc(C(=O)NS(=O)(=O)c4ccc(N[C@H](CC[NH+]5CCOCC5)CSc5ccccc5)c(S(=O)(=O)C(F)(F)F)c4)cc3)CC2)C1
vhl-bcl2,3216,Cc1ncsc1-c1ccc([C@H](C)NC(=O)[C@@H]2C[C@@H](O)CN2C(=O)[C@@H](NC(=O)CCCCCCC(=O)N2CC[NH+](C[C@]3(C)CCC(c4ccc(Cl)cc4)=C(C[NH+]4CCN(c5ccc(C(=O)NS(=O)(=O)c6ccc(N[C@H](CC[NH+]7CCOCC7)CSc7ccccc7)c(S(=O)(=O)C(F)(F)F)c6)cc5)CC4)C3)CC2)C(C)(C)C)cc1,Cc1ncsc1-c1ccc([C@H](C)NC(=O)[C@@H]2C[C@@H](O)CN2C(=O)[C@@H](NC=O)C(C)(C)C)cc1,C[C@]1(CN2CC[NH2+]CC2)CCC(c2ccc(Cl)cc2)=C(C[NH+]2CCN(c3ccc(C(=O)NS(=O)(=O)c4ccc(N[C@H](CC[NH+]5CCOCC5)CSc5ccccc5)c(S(=O)(=O)C(F)(F)F)c4)cc3)CC2)C1
vhl-bcl2,3217,Cc1ncsc1-c1ccc([C@H](C)NC(=O)[C@@H]2C[C@@H](O)CN2C(=O)[C@@H](NC(=O)CCCCCCCC(=O)N2CC[NH+](C[C@]3(C)CCC(c4ccc(Cl)cc4)=C(C[NH+]4CCN(c5ccc(C(=O)NS(=O)(=O)c6ccc(N[C@H](CC[NH+]7CCOCC7)CSc7ccccc7)c(S(=O)(=O)C(F)(F)F)c6)cc5)CC4)C3)CC2)C(C)(C)C)cc1,Cc1ncsc1-c1ccc([C@H](C)NC(=O)[C@@H]2C[C@@H](O)CN2C(=O)[C@@H](NC=O)C(C)(C)C)cc1,C[C@]1(CN2CC[NH2+]CC2)CCC(c2ccc(Cl)cc2)=C(C[NH+]2CCN(c3ccc(C(=O)NS(=O)(=O)c4ccc(N[C@H](CC[NH+]5CCOCC5)CSc5ccccc5)c(S(=O)(=O)C(F)(F)F)c4)cc3)CC2)C1
vhl-bcl2,3218,Cc1ncsc1-c1ccc([C@H](C)NC(=O)[C@@H]2C[C@@H](O)CN2C(=O)[C@@H](NC(=O)CCCCCCCCC(=O)N2CC[NH+](C[C@@]3(C)CCC(c4ccc(Cl)cc4)=C(C[NH+]4CCN(c5ccc(C(=O)NS(=O)(=O)c6ccc(N[C@H](CC[NH+]7CCOCC7)CSc7ccccc7)c(S(=O)(=O)C(F)(F)F)c6)cc5)CC4)C3)CC2)C(C)(C)C)cc1,Cc1ncsc1-c1ccc([C@H](C)NC(=O)[C@@H]2C[C@@H](O)CN2C(=O)[C@@H](NC=O)C(C)(C)C)cc1,C[C@]1(CN2CC[NH2+]CC2)CCC(c2ccc(Cl)cc2)=C(C[NH+]2CCN(c3ccc(C(=O)NS(=O)(=O)c4ccc(N[C@H](CC[NH+]5CCOCC5)CSc5ccccc5)c(S(=O)(=O)C(F)(F)F)c4)cc3)CC2)C1
vhl-bcl2,3219,Cc1ncsc1-c1ccc([C@H](C)NC(=O)[C@@H]2C[C@@H](O)CN2C(=O)[C@@H](NC(=O)CCCCCCCCCC(=O)N2CC[NH+](C[C@@]3(C)CCC(c4ccc(Cl)cc4)=C(C[NH+]4CCN(c5ccc(C(=O)NS(=O)(=O)c6ccc(N[C@H](CC[NH+]7CCOCC7)CSc7ccccc7)c(S(=O)(=O)C(F)(F)F)c6)cc5)CC4)C3)CC2)C(C)(C)C)cc1,Cc1ncsc1-c1ccc([C@H](C)NC(=O)[C@@H]2C[C@@H](O)CN2C(=O)[C@@H](NC=O)C(C)(C)C)cc1,C[C@]1(CN2CC[NH2+]CC2)CCC(c2ccc(Cl)cc2)=C(C[NH+]2CCN(c3ccc(C(=O)NS(=O)(=O)c4ccc(N[C@H](CC[NH+]5CCOCC5)CSc5ccccc5)c(S(=O)(=O)C(F)(F)F)c4)cc3)CC2)C1
vhl-bcl2,3220,Cc1ncsc1-c1ccc([C@H](C)NC(=O)[C@@H]2C[C@@H](O)CN2C(=O)[C@@H](NC(=O)CCCCCCC(=O)N2CC[NH+](C[C@@]3(C)CCC(c4ccc(Cl)cc4)=C(C[NH+]4CCN(c5ccc(C(=O)NS(=O)(=O)c6ccc(N[C@H](CC[NH+]7CCOCC7)CSc7ccccc7)c(S(=O)(=O)C(F)(F)F)c6)cc5)CC4)C3)CC2)C(C)(C)C)cc1,Cc1ncsc1-c1ccc([C@H](C)NC(=O)[C@@H]2C[C@@H](O)CN2C(=O)[C@@H](NC=O)C(C)(C)C)cc1,C[C@]1(CN2CC[NH2+]CC2)CCC(c2ccc(Cl)cc2)=C(C[NH+]2CCN(c3ccc(C(=O)NS(=O)(=O)c4ccc(N[C@H](CC[NH+]5CCOCC5)CSc5ccccc5)c(S(=O)(=O)C(F)(F)F)c4)cc3)CC2)C1
vhl-bcl2,3221,Cc1ncsc1-c1ccc([C@H](C)NC(=O)[C@@H]2C[C@@H](O)CN2C(=O)[C@@H](NC(=O)CCCCCCC(=O)N2CC[NH+](C[C@]3(C)CCC(c4ccc(Cl)cc4)=C(C[NH+]4CCN(c5ccc(C(=O)NS(=O)(=O)c6ccc(N[C@H](CC[NH+]7CCOCC7)CSc7ccccc7)c(S(=O)(=O)C(F)(F)F)c6)cc5)CC4)C3)CC2)C(C)(C)C)cc1,Cc1ncsc1-c1ccc([C@H](C)NC(=O)[C@@H]2C[C@@H](O)CN2C(=O)[C@@H](NC=O)C(C)(C)C)cc1,C[C@]1(CN2CC[NH2+]CC2)CCC(c2ccc(Cl)cc2)=C(C[NH+]2CCN(c3ccc(C(=O)NS(=O)(=O)c4ccc(N[C@H](CC[NH+]5CCOCC5)CSc5ccccc5)c(S(=O)(=O)C(F)(F)F)c4)cc3)CC2)C1
